name,views,days,url
15 Day Trip to Europe from London,2024,15 Days,https://www.triphobo.com/tripplans/europe-trip-from-london-54f92599fbc2e5f95700015a
Trip to Antwerp,1866,1 Day,https://www.triphobo.com/tripplans/antwerp-1-day-tour
"Trip to Paris, London, Hamburg, Nice, Antwerp, Dublin, Barcelona, Amsterdam, Ibiza, Palma De Mallorca",1397,20 Days,https://www.triphobo.com/tripplans/europe-trip-from-miami-5594d6d8fbc2e5516f000e06
"Trip to Paris, Berlin, Antwerp, Brussels, Zurich, Barcelona, Madrid, Amsterdam, Warsaw, Innsbruck",1207,20 Days,https://www.triphobo.com/tripplans/europe-trip-from-mumbai-55ccb6c19006706005000527
"Trip to Paris, Berlin, Antwerp, Brussels, Amsterdam",935,15 Days,https://www.triphobo.com/tripplans/europe-trip-from-london-55c33c57521f717e0a000019
2 Day Trip to Antwerp,926,2 Days,https://www.triphobo.com/tripplans/antwerp-2-day-tour
Top Things To Do In Antwerp Brugge Belgium,917,3 Days,https://www.triphobo.com/tripplans/top-things-to-do-in-antwerp-brugge
"3 Day Trip to Antwerp, Bruges",901,3 Days,https://www.triphobo.com/tripplans/antwerp-brugge-itinerary-537cff65e705459928000001
3 Day Trip to Antwerp from Amsterdam,876,3 Days,https://www.triphobo.com/tripplans/antwerp-trip-from-amsterdam-5481724cfbc2e54129000d75
"Trip to Paris, Berlin, Antwerp, Brussels, Amsterdam",826,15 Days,https://www.triphobo.com/tripplans/europe-trip-from-london-55913b0bfac2e544190002ab
"Trip to Delhi, Milan, Antwerp, Amsterdam, Prague, Budapest, Frankfurt",812,12 Days,https://www.triphobo.com/tripplans/europe-asia-trip-from-delhi-5594d7cdfac2e5e207000d47
Europe Trip,758,16 Days,https://www.triphobo.com/tripplans/paris-trip-from-london-55d396c0a6e4d00c61000107
"Trip to Paris, London, Antwerp, Brussels, Amsterdam",684,10 Days,https://www.triphobo.com/tripplans/europe-trip-from-los-angeles-5591a81afac2e57356000235
"Trip to Paris, London, Florence, Nice, Antwerp, Brussels, Zurich, Barcelona, Madrid, Lisbon",647,29 Days,https://www.triphobo.com/tripplans/europe-itinerary-from-san-francisco-5639a4772c2e07250600007a
"Trip to Paris, London, Florence, Nice, Antwerp, Brussels, Zurich, Barcelona, Madrid, Lisbon",633,29 Days,https://www.triphobo.com/tripplans/europe-itinerary-from-san-francisco-56d5f0c068d56dec1a000670
"Trip to Antwerp, Bruges, Zurich, Amsterdam, Cologne",609,16 Days,https://www.triphobo.com/tripplans/europe-trip-from-new-york-city-5580453dfac2e5c1450000a9
"Trip to Paris, Tokyo, Antwerp, Zurich, Amsterdam, Frankfurt",570,15 Days,https://www.triphobo.com/tripplans/europe-asia-trip-from-tokyo-558ca9f4f9c2e51315000003
"Trip to Berlin, Munich, Zurich, Bern, Basel",537,15 Days,https://www.triphobo.com/tripplans/germany-switzerland-trip-from-frankfurt-556852fffac2e5e14a0001bc
"Trip to Rio De Janeiro, Antwerp, Nadi",512,8 Days,https://www.triphobo.com/tripplans/rio-de-janeiro-antwerp-nadi-trip-from-philadelphia-558f3b52f9c2e5171b000a04
"Trip to Hamburg, Antwerp, Amsterdam",506,17 Days,https://www.triphobo.com/tripplans/hamburg-amsterdam-antwerp-trip-from-frankfurt-555b82d5f9c2e5307400031e
"Trip to Paris, Berlin, Antwerp, Brussels, Amsterdam",479,15 Days,https://www.triphobo.com/tripplans/europe-trip-from-london-55da62d2cd2e07153000036e
Three Days Exciting Tour To Antwerp,478,3 Days,https://www.triphobo.com/tripplans/antwerp-trip-from-amsterdam-550a861efbc2e5395e0008c3
"Trip to Antwerp, Bruges, Brussels, Ghent, Amsterdam, Cologne",477,10 Days,https://www.triphobo.com/tripplans/netherlands-germany-belgium-trip-from-new-york-city-5568733ef9c2e5fb7600030b
Explore Antwerp In Two Days,453,2 Days,https://www.triphobo.com/tripplans/antwerp-trip-from-brussels-54816dc00c1d0a8116001455
"Trip to Paris, Rome, Venice, Munich, Antwerp, Zurich, Frankfurt",449,9 Days,https://www.triphobo.com/tripplans/europe-trip-from-surat-55d1d670a6e4d0143300015d
"Trip to Paris, Milan, Antwerp, Amsterdam",420,11 Days,https://www.triphobo.com/tripplans/europe-trip-from-lagos-5555c590f9c2e5dd410000ca
"Trip to Paris, Berlin, Antwerp, Brussels, Amsterdam",414,15 Days,https://www.triphobo.com/tripplans/europe-trip-from-london-5597acddfac2e5331e000070
"Trip to Paris, Antwerp, Bruges, Brussels, Ghent, Amsterdam",397,11 Days,https://www.triphobo.com/tripplans/belgium-netherlands-france-itinerary-from-paris-56247118bb6928e9720003cb
"Trip to Paris, Rome, Venice, Vienna, Florence, Antwerp, Brussels, Amsterdam, Rimini, Ibiza",394,16 Days,https://www.triphobo.com/tripplans/europe-itinerary-from-toronto-56156f1ebb69284c220002e3
Bonding With Antwerp,391,2 Days,https://www.triphobo.com/tripplans/antwerp-itinerary-53fd9debe705458715000247
"Trip to Paris, Rome, Antwerp, Interlaken",388,21 Days,https://www.triphobo.com/tripplans/europe-itinerary-from-chennai-55f7b3d28f4719bc68000443
"Trip to Antwerp, Bruges, Brussels, Ghent, Amsterdam, Cologne",373,10 Days,https://www.triphobo.com/tripplans/netherlands-germany-belgium-trip-from-new-york-city-55686475fbc2e5ed0b0002a3
"57 Day Trip to France, Italy, Austria, Germany, Belgium, Monaco, Spain, Sweden, Netherlands, Czech Republic, Poland, Serbia, Hungary from Lisbon",358,57 Days,https://www.triphobo.com/tripplans/europe-itinerary-from-lisbon-5724c93c8427a5eb7a000861
"Trip to Paris, Rome, Venice, Milan, Antwerp, Zurich, Amsterdam, Lucerne",333,12 Days,https://www.triphobo.com/tripplans/europe-trip-from-bangalore-55d34b1af3a73d6c29000009
"Trip to Antwerp, Boom, Brugge",293,1 Day,https://www.triphobo.com/tripplans/antwerp-boom-brugge-itinerary-53b43529e70545996900001f
"11 Day Trip to Germany, Belgium, Netherlands, Luxembourg from Bangalore",288,11 Days,https://www.triphobo.com/tripplans/europe-itinerary-from-bangalore-5707da0c4e8231fd2600027f
"Trip to Paris, Berlin, Antwerp, Brussels, Amsterdam",270,15 Days,https://www.triphobo.com/tripplans/europe-trip-from-london-559bdb1af9c2e53e6b0004ff
"Trip to Paris, Antwerp, Amsterdam",266,8 Days,https://www.triphobo.com/tripplans/antwerp-amsterdam-paris-trip-from-brussels-55310034fbc2e50633000275
"Trip to Hamburg, Antwerp, Zurich, Genoa",261,8 Days,https://www.triphobo.com/tripplans/europe-trip-from-rajkot-55ed8199eafde27b0f000144
"Trip to Paris, Antwerp, Bruges, Brussels, Dusseldorf, Frankfurt",261,14 Days,https://www.triphobo.com/tripplans/germany-belgium-france-itinerary-from-mumbai-562c7dba3216f51e3d00018c
"Trip to Bruges, Antwerp, Brussels",248,4 Days,https://www.triphobo.com/tripplans/bruges-antwerp-brussels-trip-plan-55a4cd75de2a9e6135000118
"Trip to Paris, Berlin, Rome, Vienna, London, Antwerp, Athens, Zurich",242,17 Days,https://www.triphobo.com/tripplans/europe-itinerary-from-kolkata-569a4d3efba23c1b06000000
Trip to Antwerp,221,1 Day,https://www.triphobo.com/tripplans/antwerp-itinerary-5362b443e705452e0f000009
"Trip to Antwerp, Bruges, Brussels, Ghent",217,11 Days,https://www.triphobo.com/tripplans/belgium-itinerary-from-luxemburg-city-5678a4e89bd33e2a5900076e
"Trip to Antwerp, Brussels",210,1 Day,https://www.triphobo.com/tripplans/antwerp-brussels-itinerary-53ba64c1e70545a73900000e
"Trip to Antwerp, Brussels, Zurich, Geneva, Basel, Lucerne, Lauterbrunnen",208,8 Days,https://www.triphobo.com/tripplans/switzerland-belgium-trip-from-frankfurt-55960d63f9c2e5b761000005
Trip to Paris,207,1 Day,https://www.triphobo.com/tripplans/paris-itinerary-537eb6b0e70545ec30000002
"Trip to Paris, Berlin, Rome, London, Milan, Antwerp, Amsterdam",204,21 Days,https://www.triphobo.com/tripplans/europe-itinerary-from-brisbane-56113bbc8527a5332a000396
"Trip to Antwerp, Amsterdam",201,7 Days,https://www.triphobo.com/tripplans/antwerp-amsterdam-trip-from-brussels-55e2d3cccd2e076e1700013b
"Trip to Antwerp, Bruges, Brussels",196,6 Days,https://www.triphobo.com/tripplans/antwerp-brussels-bruges-trip-from-chennai-55ebdc83c4796f456300004e
"Trip to Antwerp, Brussels",173,1 Day,https://www.triphobo.com/tripplans/antwerp-brussels-itinerary-53c90df3e70545621200001d
"Trip to Paris, Antwerp, Bruges, Brussels, Luxemburg City, Bordeaux",156,9 Days,https://www.triphobo.com/tripplans/belgium-luxembourg-france-itinerary-from-liverpool-56abb005ba6928ff18000162
Trip to Antwerp,151,1 Day,https://www.triphobo.com/tripplans/antwerp-itinerary-54215650e70545d87f0001e2
"Trip to Paris, London, Antwerp, Bruges, Brussels, Amsterdam",146,10 Days,https://www.triphobo.com/tripplans/europe-itinerary-from-new-york-city-56cbd9e682fc9447370019ce
"Trip to London, Antwerp, Dublin",143,12 Days,https://www.triphobo.com/tripplans/antwerp-london-dublin-itinerary-from-nashville-561e67118527a5e1030000fa
"Trip to Paris, Antwerp, Bruges, Brussels, Ghent, Amsterdam",142,11 Days,https://www.triphobo.com/tripplans/netherlands-belgium-france-itinerary-from-paris-56c3606726e9d0e00c000000
"Trip to Antwerp, Bruges, Brussels, Ghent, Amsterdam, Cologne",134,10 Days,https://www.triphobo.com/tripplans/netherlands-germany-belgium-itinerary-from-new-york-city-56c35de1fd853a860a00070a
"Trip to Antwerp, Bruges, Brussels, Ghent",133,4 Days,https://www.triphobo.com/tripplans/belgium-itinerary-56484a438a46cb1f7300017d
"Trip to Antwerp, Brussels, Luxemburg",129,6 Days,https://www.triphobo.com/tripplans/brussels-luxemburg-antwerp-trip-from-tokyo-55ebcb922a2e077a6500002a
"Trip to London, Antwerp, Brussels, Amsterdam, Rotterdam, Portsmouth, Calais, Southampton, Hove",123,39 Days,https://www.triphobo.com/tripplans/europe-itinerary-from-abu-dhabi-56d1b08bdd853a7819000648
Explore Antwerp In Two Days,119,2 Days,https://www.triphobo.com/tripplans/antwerp-trip-from-brussels-55695c13fac2e5fb4a000ef6
"36 Day Trip to France, Germany, Austria, Belgium, Switzerland, Netherlands, Czech Republic from Delhi",117,36 Days,https://www.triphobo.com/tripplans/europe-itinerary-from-delhi-579895644e8231c6260005af
"Trip to Paris, London, Antwerp, Zurich",116,18 Days,https://www.triphobo.com/tripplans/europe-itinerary-56ac9d8fb869286a0d0005ba
"43 Day Trip to France, Germany, Italy, United Kingdom, Belgium, Monaco, Netherlands, Denmark, Greece from Cordoba",115,43 Days,https://www.triphobo.com/tripplans/europe-itinerary-from-cordoba-570bb0b84e8231202b00087b
A One Day Trip In Antwerp,113,1 Day,https://www.triphobo.com/tripplans/antwerp-trip-from-london-54816944fbc2e55029000b74
"Trip to Paris, Berlin, Salzburg, London, Edinburgh, Strasbourg, Antwerp, Dublin, Amsterdam, Reykjavik",107,34 Days,https://www.triphobo.com/tripplans/europe-itinerary-from-toronto-56dc849b68d56d8020000572
"Trip to Berlin, Vienna, London, Munich, Antwerp, Brussels, Amsterdam, Prague, Rotterdam, Hallstatt",104,17 Days,https://www.triphobo.com/tripplans/europe-itinerary-from-delhi-572c65e54e823136060019b9
"Trip to Antwerp, Amsterdam",103,2 Days,https://www.triphobo.com/tripplans/amsterdam-antwerp-trip-from-bremen-555a64f5f9c2e53c08000478
"10 Day Trip to Belgium, Netherlands, Luxembourg from Dusseldorf",103,10 Days,https://www.triphobo.com/tripplans/netherlands-belgium-luxembourg-itinerary-from-dusseldorf-5757d72c4e82312333000876
Trip to Antwerp,101,1 Day,https://www.triphobo.com/tripplans/antwerp-trip-plan-553fa905f9c2e5ec60000029
"Trip to Antwerp, Bruges, Brussels, Ghent",101,9 Days,https://www.triphobo.com/tripplans/belgium-itinerary-from-buenos-aires-56982fd69bd33e06280007fe
"Trip to Salzburg, Vienna, Antwerp",98,5 Days,https://www.triphobo.com/tripplans/salzburg-vienna-antwerp-trip-from-munich-5584478ffbc2e5d1410002da
Trip to Antwerp,97,1 Day,https://www.triphobo.com/tripplans/antwerp-trip-plan-548ef54de70545591a0000bd
"Trip to Antwerp, Brussels",92,2 Days,https://www.triphobo.com/tripplans/antwerp-brussels-trip-plan-558cf2c2fbc2e5962e00002c
Trip to Antwerp,91,5 Days,https://www.triphobo.com/tripplans/antwerp/itinerary-from-tempe-564982baea9270570600000d
"Trip to Salzburg, Antwerp, Innsbruck",89,3 Days,https://www.triphobo.com/tripplans/innsbruck-salzburg-antwerp-trip-from-antwerp-55815ca3fac2e51f5300018b
"Trip to Paris, Berlin, Vienna, Hamburg, Antwerp, Stockholm, Amsterdam, Prague, Copenhagen, Budapest",88,28 Days,https://www.triphobo.com/tripplans/europe-itinerary-from-new-york-city-56f1b7a269d56d33530011a4
"Trip to Paris, Antwerp, Bruges, Brussels, Ghent",87,10 Days,https://www.triphobo.com/tripplans/belgium-france-itinerary-from-delhi-56c85023dd853a7679000c57
"5 Day Trip to Antwerp, Bruges from Brussels",84,3 Days,https://www.triphobo.com/tripplans/bruges-antwerp-itinerary-from-brussels-575c5ac64e82314b440006d6
Best Of Two Day In Antwerp,83,2 Days,https://www.triphobo.com/tripplans/antwerp-trip-from-london-552cfd44fbc2e5981a00024f
"Trip to Paris, Antwerp, Brussels, Zurich, Amsterdam",83,12 Days,https://www.triphobo.com/tripplans/europe-itinerary-from-kochi-572325a04e8231a522002099
"24 Day Trip to France, Austria, Germany, Belgium, Switzerland, Netherlands, Czech Republic from Berlin",83,24 Days,https://www.triphobo.com/tripplans/europe-itinerary-from-berlin-574f3ce74e823152110007da
"Trip to Antwerp, Bruges, Brussels, Amsterdam, Maastricht, Utrecht, Groningen, Eindhoven",82,44 Days,https://www.triphobo.com/tripplans/netherlands-belgium-itinerary-from-rotterdam-575c03904e8231c0440007cf
Trip to Belgium,79,7 Days,https://www.triphobo.com/tripplans/bruges-antwerp-itinerary-from-warrenton-56a7a1b6bc6928060600082d
"Trip to Paris, Antwerp, Brussels, Ghent, Amsterdam, Groningen, Delft",79,25 Days,https://www.triphobo.com/tripplans/france-netherlands-belgium-itinerary-from-toronto-56ce030e82fc94af4900011b
"Trip to London, Antwerp, Bruges, Brussels, Amsterdam, Rotterdam, Portsmouth, Calais, Delft, Hove",79,24 Days,https://www.triphobo.com/tripplans/europe-itinerary-from-abu-dhabi-56d285a18427a5f01b0003d3
"Trip to Venice, Vienna, Antwerp, Zurich, Frankfurt",77,20 Days,https://www.triphobo.com/tripplans/europe-itinerary-from-paris-568f1f77a6d46da53d000dc0
"Trip to Antwerp, Bruges, Brussels, Ghent",77,9 Days,https://www.triphobo.com/tripplans/belgium-itinerary-from-hounslow-56fe254d8427a5662d00050e
"Trip to London, Munich, Antwerp, Dublin",76,17 Days,https://www.triphobo.com/tripplans/europe-itinerary-from-nashville-5670e5d99bd33e7d73000d43
"Trip to Antwerp, Bruges, Brussels, Amsterdam, Cologne",72,14 Days,https://www.triphobo.com/tripplans/belgium-germany-netherlands-itinerary-from-leinster-56dae81768d56def74000fe5
Trip to Antwerp,71,2 Days,https://www.triphobo.com/tripplans/antwerp-trip-from-amsterdam-airport-schiphol-550f76830c1d0a717d0000be
"Trip to Paris, Antwerp, Brussels",71,7 Days,https://www.triphobo.com/tripplans/brussels-antwerp-paris-itinerary-from-chicago-563073aa8427a50435000aa9
"Trip to London, Antwerp, Bruges, Brussels, Amsterdam, Rotterdam, Portsmouth, Calais, Delft, Hove",69,23 Days,https://www.triphobo.com/tripplans/europe-itinerary-from-abu-dhabi-56d282d3dd853a35370001b4
Trip to Antwerp,68,4 Days,https://www.triphobo.com/tripplans/antwerp-trip-from-mumbai-5530e6560c1d0aaf43000022
"Trip to Rome, Salzburg, Vienna, Antwerp, Brussels, Athens, Zurich",68,16 Days,https://www.triphobo.com/tripplans/europe-itinerary-from-birmingham-56976217a6d46d4b7b0000fb
"Trip to Paris, Bangalore, Antwerp, Amsterdam",67,13 Days,https://www.triphobo.com/tripplans/europe-asia-itinerary-from-delhi-56a73cb45acb70b07400091f
"23 Day Trip to Belgium, Switzerland, Netherlands from Petaling Jaya",67,23 Days,https://www.triphobo.com/tripplans/netherlands-belgium-switzerland-itinerary-from-petaling-jaya-5731df244e823152690007ed
Trip to Antwerp,65,1 Day,https://www.triphobo.com/tripplans/antwerp-trip-from-london-553793ba0c1d0a993a0002e9
"14 Day Trip to Antwerp, Brussels, Amsterdam from Colorado Springs",62,14 Days,https://www.triphobo.com/tripplans/amsterdam-antwerp-brussels-itinerary-from-colorado-springs-57885b454e8231ea6b0002ad
Trip to Antwerp,61,3 Days,https://www.triphobo.com/tripplans/antwerp-trip-from-belgium-553fb871fac2e5c35b000063
"40 Day Trip to France, Germany, Austria, Belgium, Netherlands, Czech Republic, Poland from Vancouver",61,40 Days,https://www.triphobo.com/tripplans/europe-itinerary-from-vancouver-572d259f8427a5b2650008e1
"10 Day Trip to Munich, Antwerp, Bruges, Brussels from Delhi",61,10 Days,https://www.triphobo.com/tripplans/belgium-germany-itinerary-from-delhi-575299024e8231d27800041e
1 Day Trip to Antwerp from Brussels,61,1 Day,https://www.triphobo.com/tripplans/antwerp/itinerary-from-brussels-576bc0cf4e8231da77000590
"Trip to Antwerp, Bruges, Brussels and Ghent from Enschede",60,4 Days,https://www.triphobo.com/tripplans/belgium-itinerary-from-enschede-5811e0a04e8231540400024e
"6 Day Trip to Paris, Antwerp, Bruges, Brussels from Haarlem",59,6 Days,https://www.triphobo.com/tripplans/belgium-france-itinerary-from-haarlem-575124114e8231fb3100002c
"3 Day Trip to Antwerp, Brussels, Ghent from London",58,3 Days,https://www.triphobo.com/tripplans/brussels-ghent-antwerp-itinerary-from-london-5761c76a4e823117500011ea
1 Day Trip to Antwerp from Amsterdam,58,1 Day,https://www.triphobo.com/tripplans/antwerp/itinerary-from-amsterdam-57a0a9ee4e82312f630002bd
"11 Day Trip to Antwerp, Bruges, Brussels, Amsterdam from Holland",57,11 Days,https://www.triphobo.com/tripplans/belgium-netherlands-itinerary-from-holland-5781b1504e82311940000045
"Trip to Antwerp, Zurich, Amsterdam, Prague",56,15 Days,https://www.triphobo.com/tripplans/europe-itinerary-568acc27fea23c252c00039c
Trip to Antwerp,55,3 Days,https://www.triphobo.com/tripplans/antwerp-trip-from-rotterdam-552ea91ffbc2e5524c00064f
"Trip to Paris, London, Antwerp, Barcelona, Amsterdam",55,19 Days,https://www.triphobo.com/tripplans/europe-itinerary-from-singapore-5693cb198427a5225d0004c8
"23 Day Trip to Germany, United Kingdom, Belgium, Ireland, Netherlands, Czech Republic from Budapest",55,23 Days,https://www.triphobo.com/tripplans/europe-itinerary-from-budapest-57615a114e8231543c000803
"38 Day Trip to Germany, Norway, Belgium, Sweden, Finland, Denmark from Paris",55,38 Days,https://www.triphobo.com/tripplans/europe-itinerary-from-paris-5768de4b4e82310c610006c4
"24 Day Trip to France, Germany, Italy, Austria, United Kingdom, Belgium, Turkey, Ireland, Switzerland, Netherlands, Hungary from Cairo",54,24 Days,https://www.triphobo.com/tripplans/asia-europe-itinerary-from-cairo-573730a74e82319c7c00000c
"Trip to Haridwar, Chennai, Antwerp",53,3 Days,https://www.triphobo.com/tripplans/chennai-antwerp-haridwar-trip-from-bangalore-551294fe0c1d0ad61e000018
"Trip to Antwerp, Bruges, Brussels, Luxemburg City",53,9 Days,https://www.triphobo.com/tripplans/belgium-luxembourg-itinerary-from-edinburgh-56cc7eea69d56d1368000530
"Trip to Paris, Berlin, Rome, London, Milan, Antwerp, Amsterdam, Trier",53,34 Days,https://www.triphobo.com/tripplans/europe-itinerary-from-new-york-city-56d1c89869d56ddb29000107
Trip to Antwerp,52,1 Day,https://www.triphobo.com/tripplans/antwerp-trip-from-london-552cfcd7f9c2e52c4f0001e2
"22 Day Trip to France, Italy, Belgium, Netherlands from Dubai",52,22 Days,https://www.triphobo.com/tripplans/europe-itinerary-from-dubai-572382de8427a535200015a9
"Trip to Hamburg, Antwerp, Bruges, Amsterdam, Cologne, Dusseldorf, Copenhagen, Luxemburg City",51,15 Days,https://www.triphobo.com/tripplans/europe-itinerary-from-delhi-572500a64e8231f06a000faf
"7 Day Trip to Antwerp, Bruges, Ghent from Brussels",51,7 Days,https://www.triphobo.com/tripplans/bruges-ghent-antwerp-itinerary-from-brussels-575033994e82311308000a53
"9 Day Trip to Paris, Antwerp, Bruges, Brussels from Amsterdam",51,9 Days,https://www.triphobo.com/tripplans/france-belgium-itinerary-from-amsterdam-57615cf58427a5481400089c
1 Day Trip to Antwerp from Amsterdam,51,1 Day,https://www.triphobo.com/tripplans/antwerp/itinerary-from-amsterdam-57a1f6534e82312b6a000821
"18 Day Trip to France, Germany, Belgium, Netherlands, Czech Republic from Austin",50,18 Days,https://www.triphobo.com/tripplans/europe-itinerary-from-austin-5769f1334e8231be02000183
Trip to Antwerp,49,2 Days,https://www.triphobo.com/tripplans/antwerp/itinerary-5743688d4e82317e1e001c85
Antwerp Itinerary 5 Days,49,5 Days,https://www.triphobo.com/tripplans/antwerp/itinerary-from-antwerp-5774cfd14e82313759000793
Trip to Antwerp,48,2 Days,https://www.triphobo.com/tripplans/antwerp-trip-from-oklahoma-city-55dc739e9006706d0c00014f
Trip to Antwerp,48,5 Days,https://www.triphobo.com/tripplans/antwerp/itinerary-from-mumbai-576e35ce8427a5d12f00049f
"Trip to Paris, Rome, London, Edinburgh, Antwerp, Brussels, Dublin, Barcelona, Frankfurt",47,14 Days,https://www.triphobo.com/tripplans/europe-itinerary-from-delhi-57e4e78b4e8231d37500003b
"Trip to Berlin, Rome, Antwerp",46,5 Days,https://www.triphobo.com/tripplans/berlin-rome-antwerp-itinerary-from-delft-55fead86ec796ff6050002dd
Trip to Antwerp,46,1 Day,https://www.triphobo.com/tripplans/antwerp/itinerary-561c667f8527a5974d000860
"11 Day Trip to France, United Kingdom, Belgium, Netherlands from Dallas",46,11 Days,https://www.triphobo.com/tripplans/europe-itinerary-from-dallas-576e7c174e8231354f000ab1
"10 Day Trip to Antwerp, Brussels, Amsterdam, Frankfurt from Dubai",45,10 Days,https://www.triphobo.com/tripplans/belgium-netherlands-germany-itinerary-from-dubai-57950f8b4e82318b090006eb
Trip to Antwerp,44,3 Days,https://www.triphobo.com/tripplans/antwerp/itinerary-from-aachen-568b2854a6d46d4f790009ad
5 Day Trip to Antwerp from Johannesburg,44,5 Days,https://www.triphobo.com/tripplans/antwerp/itinerary-from-johannesburg-5783f8414e82314569000525
Trip to Antwerp,43,1 Day,https://www.triphobo.com/tripplans/antwerp/itinerary-5636aa955d31b97222000b3f
4 Day Trip to Antwerp from Aligarh,42,4 Days,https://www.triphobo.com/tripplans/antwerp/itinerary-from-aligarh-5710d9548427a59152000e57
"20 Day Trip to Germany, Italy, Belgium, Netherlands, Czech Republic, Hungary, Slovenia from Ottawa",42,20 Days,https://www.triphobo.com/tripplans/europe-itinerary-from-ottawa-5796c8784e82318615000054
5 Day Trip to Antwerp from Jakarta,42,5 Days,https://www.triphobo.com/tripplans/antwerp/itinerary-from-jakarta-57e28ad44e8231c467000539
"32 Day Trip to France, Belgium, Spain, Germany from Cotonou",42,32 Days,https://www.triphobo.com/tripplans/europe-itinerary-from-cotonou-57e504214e8231d71b0006d8
Trip to Antwerp,41,1 Day,https://www.triphobo.com/tripplans/antwerp/itinerary-560a73b58527a5ca05000ba6
Trip to Antwerp,41,1 Day,https://www.triphobo.com/tripplans/antwerp/itinerary-56694810a5b35e5d13000307
"Trip to Paris, Berlin, Rome, Florence, Milan, Antwerp, Geneva, Amsterdam, Padua, Innsbruck",41,14 Days,https://www.triphobo.com/tripplans/europe-itinerary-from-hyderabad-56c74f508527a5c339000e65
Trip to Antwerp,39,2 Days,https://www.triphobo.com/tripplans/antwerp/itinerary-55ff0882db6928850e0005d1
"Trip to Paris, Antwerp, Bruges, Brussels, Bern, Amsterdam, Cologne, Frankfurt, Nantes, Luxemburg City",39,18 Days,https://www.triphobo.com/tripplans/europe-itinerary-from-istanbul-57cf08a64e8231bf550011b4
"Trip to Paris, Rome, Florence, Milan, Antwerp, Geneva, Padua, Innsbruck",38,14 Days,https://www.triphobo.com/tripplans/europe-itinerary-from-hyderabad-56c75341dd853aa2760000eb
1 Day Trip to Antwerp from Sint-oedenrode,38,1 Day,https://www.triphobo.com/tripplans/antwerp/itinerary-from-sint-oedenrode-579dc30a4e8231a423000386
Trip to Antwerp,37,3 Days,https://www.triphobo.com/tripplans/antwerp/itinerary-from-rennes-55f7192e8427a597670001d5
Trip to Antwerp,36,1 Day,https://www.triphobo.com/tripplans/antwerp/itinerary-5690cb158527a56f02000027
Antwerp Itinerary 6 Days,36,6 Days,https://www.triphobo.com/tripplans/antwerp/itinerary-from-antwerp-57f1f1164e82312506000a91
"Trip to Paris, Antwerp, Bruges, Brussels, Amsterdam",35,10 Days,https://www.triphobo.com/tripplans/belgium-netherlands-france-itinerary-from-london-56cbcb0882fc947f650004e9
"Trip to Paris, Antwerp, Ghent, Amay, Brugelette",34,10 Days,https://www.triphobo.com/tripplans/france-belgium-itinerary-from-delhi-56c74b257547194c2b0004a0
"12 Day Trip to Paris, Antwerp, Amsterdam, Rotterdam from San Francisco",34,12 Days,https://www.triphobo.com/tripplans/netherlands-belgium-france-itinerary-from-san-francisco-5755c03b4e82319530000112
7 Day Trip to Antwerp from Dallas,34,7 Days,https://www.triphobo.com/tripplans/antwerp/itinerary-from-dallas-57749e8b8427a56b6e000d42
"Trip to Vienna, Antwerp, Prague, Budapest",34,10 Days,https://www.triphobo.com/tripplans/europe-itinerary-from-tuttlingen-57fcbece4e82313766000230
Trip to Antwerp,33,1 Day,https://www.triphobo.com/tripplans/antwerp/itinerary-561c60813216f5210700074c
Trip to Antwerp,33,1 Day,https://www.triphobo.com/tripplans/antwerp/itinerary-561c6572bb6928e16a0009a2
"7 Day Trip to Antwerp, Brussels, Rotterdam from Amsterdam",32,7 Days,https://www.triphobo.com/tripplans/rotterdam-antwerp-brussels-itinerary-from-amsterdam-5754de7b4e823171380001b1
"3 Day Trip to Antwerp, Bruges, Brussels from Bonn",32,3 Days,https://www.triphobo.com/tripplans/brussels-bruges-antwerp-itinerary-from-bonn-575813634e8231410600045f
"10 Day Trip to Antwerp, Bruges, Brussels, Ghent from Delhi",32,10 Days,https://www.triphobo.com/tripplans/belgium-itinerary-from-delhi-57bd69484e8231834c00011b
3 Day Trip to Antwerp from Oberanven,32,3 Days,https://www.triphobo.com/tripplans/antwerp/itinerary-from-oberanven-57c1acb34e8231d656000fad
"30 Day Trip to Germany, Belgium, Ireland, Croatia from Jandakot",32,30 Days,https://www.triphobo.com/tripplans/europe-itinerary-from-jandakot-580f575e4e8231d0580000ef
"15 Day Trip to France, Belgium, Croatia, Montenegro, Bosnia & Herzegovina from Amsterdam",31,15 Days,https://www.triphobo.com/tripplans/europe-itinerary-from-amsterdam-5728e27c4e823175450000e0
3 Day Trip to Antwerp,31,3 Days,https://www.triphobo.com/tripplans/antwerp/itinerary-from-antwerp-57a107d84e82314d1b0008ac
"6 Day Trip to Antwerp, Zurich from Amsterdam",31,6 Days,https://www.triphobo.com/tripplans/zurich-antwerp-itinerary-from-amsterdam-57ea94f98427a56a17000c8e
"Trip to Antwerp, Brussels",31,4 Days,https://www.triphobo.com/tripplans/brussels-antwerp-itinerary-from-istanbul-5806a9094e823101220002f1
"Trip to Paris, Venice, Antwerp, Zurich, Geneva, Amsterdam",30,14 Days,https://www.triphobo.com/tripplans/europe-itinerary-from-bangalore-56e6f3c469d56d923f00068a
"13 Day Trip to France, United Kingdom, Belgium, Netherlands from Arlington",30,13 Days,https://www.triphobo.com/tripplans/europe-itinerary-from-arlington-5719be2e4e8231e74800039f
"13 Day Trip to Belgium, Switzerland, Netherlands, Germany from Dubai",29,10 Days,https://www.triphobo.com/tripplans/europe-itinerary-from-dubai-5794c7c24e8231684d0004a9
"9 Day Trip to Antwerp, Amsterdam, Kaatsheuvel from San Angelo",28,9 Days,https://www.triphobo.com/tripplans/amsterdam-kaatsheuvel-antwerp-itinerary-from-san-angelo-573137ac4e82311731000270
"Trip to Antwerp, Brussels, Amsterdam, Rotterdam, The Hague",28,11 Days,https://www.triphobo.com/tripplans/netherlands-belgium-itinerary-from-amsterdam-57da7d5f8427a574460004d2
"Trip to Vienna, Munich, Antwerp, Brussels, Prague, Rotterdam, Brno, Bratislava, Frankfurt, Luxemburg City",27,16 Days,https://www.triphobo.com/tripplans/europe-itinerary-from-budapest-571ba4564e82316334000177
2 Day Trip to Antwerp,27,2 Days,https://www.triphobo.com/tripplans/antwerp/itinerary-from-antwerp-573e4d618427a5c624000443
"Trip to Paris, Antwerp, Brussels, Amsterdam, Heidelberg",26,17 Days,https://www.triphobo.com/tripplans/europe-itinerary-from-vernon-56d5fee16ad56da90a000abb
"Trip to Paris, Rome, Milan, Vatican City, Antwerp, Zurich, Amsterdam, Cologne",26,13 Days,https://www.triphobo.com/tripplans/europe-itinerary-from-chennai-57110f344e8231bb24001428
Trip to Antwerp,26,5 Days,https://www.triphobo.com/tripplans/antwerp/itinerary-from-dusseldorf-581b863a4e8231c74b000665
Trip to Antwerp,25,3 Days,https://www.triphobo.com/tripplans/antwerp/itinerary-from-brno-569276eb8527a5c924000585
"6 Day Trip to Antwerp, Brussels from Dubai",25,6 Days,https://www.triphobo.com/tripplans/brussels-antwerp-itinerary-from-dubai-5794e4014e8231b42f000afb
"Trip to Antwerp, Amsterdam, Cologne",24,4 Days,https://www.triphobo.com/tripplans/amsterdam-cologne-antwerp-itinerary-from-helsinki-5668012fe0d33ec408000095
"4 Day Trip to Antwerp, Bruges from Chelmsford",24,4 Days,https://www.triphobo.com/tripplans/bruges-antwerp-itinerary-from-chelmsford-570823ab4e82316b250009fe
"10 Day Trip to Paris, Antwerp, Zurich, Lucerne, Interlaken from Ahmedabad",23,10 Days,https://www.triphobo.com/tripplans/france-belgium-switzerland-itinerary-from-ahmedabad-5745fa4e4e82317471000484
"14 Day Trip to Berlin, Antwerp, Bruges, Amsterdam, Rotterdam, Dortmund from Paris",23,14 Days,https://www.triphobo.com/tripplans/belgium-netherlands-germany-itinerary-from-paris-5749d7664e82317d14001c49
"Trip to Bangalore, Antwerp, Amsterdam",22,8 Days,https://www.triphobo.com/tripplans/antwerp-amsterdam-bangalore-itinerary-from-bangalore-56ea4f2369d56d4374000ddf
"Trip to Paris, Rome, Venice, Munich, Antwerp, Brussels, Amsterdam, Prague, Warsaw, Frankfurt",22,11 Days,https://www.triphobo.com/tripplans/europe-itinerary-from-mumbai-5725f5944e82313c4a000a4f
"6 Day Trip to Antwerp, Budapest from Islamabad",21,15 Days,https://www.triphobo.com/tripplans/budapest-antwerp-itinerary-from-islamabad-57488e2e8427a5d6620014f9
"Trip to Paris, Antwerp, Ghent, Amsterdam, Brugelette",21,10 Days,https://www.triphobo.com/tripplans/belgium-france-netherlands-itinerary-from-delhi-574c32524e82319f06000974
"10 Day Trip to Antwerp, Brussels, Amsterdam, Frankfurt from Dubai",21,10 Days,https://www.triphobo.com/tripplans/belgium-netherlands-germany-itinerary-from-dubai-5794e01d4e8231ac09000121
Trip to Antwerp,20,1 Day,https://www.triphobo.com/tripplans/antwerp/itinerary-56bc9c7a914719122b00033a
Trip to Antwerp,20,1 Day,https://www.triphobo.com/itinerary/view/5742e491f8c2e5c002000001/
Trip to Antwerp,19,2 Days,https://www.triphobo.com/tripplans/antwerp/itinerary-from-delft-55feaf098427a513090002db
Trip to Antwerp,19,1 Day,https://www.triphobo.com/itinerary/view/5742ec7ff8c2e5850100000a/
Trip to Antwerp,18,1 Day,https://www.triphobo.com/tripplans/antwerp/itinerary-from-chattanooga-56bf5a078427a5782b0007fc
"13 Day Trip to Belgium, Switzerland, Netherlands, Germany from Dubai",18,13 Days,https://www.triphobo.com/tripplans/europe-itinerary-from-dubai-5794c08a4e82319c1200002a
Trip to Antwerp,17,4 Days,https://www.triphobo.com/tripplans/antwerp/itinerary-from-miami-56c5d084480670ca1200033f
"Trip to Antwerp, Madrid",17,5 Days,https://www.triphobo.com/tripplans/antwerp-madrid-itinerary-from-london-56eca4e383fc948e66000232
Antwerp Itinerary 6 Days,17,6 Days,https://www.triphobo.com/tripplans/antwerp/itinerary-from-antwerp-57f1f07e4e8231b577001014
"3 Day Trip to Antwerp, Cologne, Luxemburg City from Amsterdam Airport Schiphol",17,3 Days,https://www.triphobo.com/tripplans/antwerp-luxemburg-city-cologne-itinerary-from-amsterdam-airport-schiphol-582d9f218427a56b460002f7
"5 Day Trip to Antwerp, Amsterdam from London",16,5 Days,https://www.triphobo.com/tripplans/amsterdam-antwerp-itinerary-from-london-570f91074e8231e1740016a6
"11 Day Trip to Antwerp, Bruges, Brussels, Ghent from New York City",16,11 Days,https://www.triphobo.com/tripplans/belgium-itinerary-from-new-york-city-58321e704e8231b2120000ce
"15 Day Trip to Paris, London, Antwerp from Mumbai",15,15 Days,https://www.triphobo.com/tripplans/london-antwerp-paris-itinerary-from-mumbai-56ffdb3c8427a5d0790005b0
"10 Day Trip to Paris, Hamburg, Antwerp from Ann Arbor",14,10 Days,https://www.triphobo.com/tripplans/paris-antwerp-hamburg-itinerary-from-ann-arbor-57057b168527a50f110021f6
"8 Day Trip to Antwerp, Amsterdam from Kuala Lumpur",13,8 Days,https://www.triphobo.com/tripplans/amsterdam-antwerp-itinerary-from-kuala-lumpur-57187c408427a53d66000002
"10 Day Trip to Hamburg, Antwerp, Brussels, Amsterdam from Des Moines",12,10 Days,https://www.triphobo.com/tripplans/belgium-netherlands-germany-itinerary-from-des-moines-5739f7bd4e82316421000d2a
Trip to Antwerp,11,1 Day,https://www.triphobo.com/tripplans/antwerp/itinerary-5743f62df8c2e57935000001
Trip to Antwerp,10,1 Day,https://www.triphobo.com/tripplans/antwerp/itinerary-5745404cf8c2e5ab0e000008
"33 Day Trip to France, Norway, Belgium, Sweden, Netherlands, Austria, Luxembourg, Germany from Budapest",10,33 Days,https://www.triphobo.com/tripplans/europe-itinerary-from-budapest-583381238427a57932000a3a
"16 Day Trip to France, Austria, Poland, Belgium, Romania from London",10,16 Days,https://www.triphobo.com/tripplans/europe-itinerary-from-london-5851b2e28427a5e978000e80
3 Day Trip to Antwerp from Dijon,9,3 Days,https://www.triphobo.com/tripplans/antwerp/itinerary-from-dijon-574d28084e82319d290001f6
"Trip to Paris, London, Antwerp, Zurich",9,10 Days,https://www.triphobo.com/tripplans/europe-itinerary-from-mumbai-582978144e82313a01000069
"Trip to Mumbai, Antwerp, Zurich, Geneva, Lucerne, Interlaken, St Moritz",7,8 Days,https://www.triphobo.com/tripplans/switzerland-belgium-india-itinerary-from-mumbai-582e04444e82310338000064
"9 Day Trip to Antwerp, Bruges, Ghent from Atlanta",6,9 Days,https://www.triphobo.com/tripplans/antwerp-ghent-bruges-itinerary-from-atlanta-58409fe84e823189180006c9
1 Day Trip to Antwerp from Leuven,5,1 Day,https://www.triphobo.com/tripplans/antwerp/itinerary-from-leuven-5739c9384e8231935b0010a9
"8 Day Trip to Antwerp, Bruges, Ghent from Brussels",4,8 Days,https://www.triphobo.com/tripplans/ghent-antwerp-bruges-itinerary-from-brussels-584734e54e82310a39000324
"21 Day Trip to United Kingdom, Belgium, Ireland, Poland, Denmark from London",4,21 Days,https://www.triphobo.com/tripplans/europe-itinerary-from-london-5848bd734e82310825000584
"7 Day Trip to Antwerp, Brussels, Ghent from Berlin",4,6 Days,https://www.triphobo.com/tripplans/brussels-antwerp-ghent-itinerary-from-berlin-584c38dd8427a59362000191
"16 Day Trip to France, Austria, Poland, Belgium, Romania from London",4,10 Days,https://www.triphobo.com/tripplans/europe-itinerary-from-london-5851c5b44e8231f90d0003dd
2 Day Trip to Paris from Antwerp,17,3 Days,https://www.triphobo.com/tripplans/paris/itinerary-from-antwerp-57eec8ce4e8231f87a000464
