name,days,url,views
Trip to Asheville,7 Days,https://www.triphobo.com/tripplans/asheville/itinerary-from-athens-56c596896c7a6f3b06000000,204
Trip to Asheville,4 Days,https://www.triphobo.com/tripplans/asheville/itinerary-from-st-paul-5672a8649bd33eaa37000736,202
Other side of  Asheville just in 24 Hours,1 Day,https://www.triphobo.com/tripplans/asheville/itinerary-from-new-york-city-566810718a46cb977f0000b7,166
Trip to Asheville,5 Days,https://www.triphobo.com/tripplans/asheville/itinerary-from-tampa-56754ac79bd33e8b7200033a,163
Trip to Asheville,3 Days,https://www.triphobo.com/tripplans/asheville/itinerary-from-conyers-5671788f68ed6e750d00005d,158
Trip to Asheville,4 Days,https://www.triphobo.com/tripplans/asheville/itinerary-from-archdale-5672e36f8527a5d3380003be,137
Trip to Asheville,4 Days,https://www.triphobo.com/tripplans/asheville/itinerary-from-rockville-centre-567795cd8a46cb6750000202,133
Trip to Asheville,5 Days,https://www.triphobo.com/tripplans/asheville/itinerary-from-new-york-city-567367a59bd33e0f040001c6,132
3 Days Tour of ur Life in  Asheville,3 Days,https://www.triphobo.com/tripplans/asheville/itinerary-from-kowale-566801e59bd33e6e3f000151,118
Trip to Asheville,3 Days,https://www.triphobo.com/tripplans/asheville/itinerary-574b8c614e8231126f000357,108
Trip to Asheville,1 Day,https://www.triphobo.com/tripplans/asheville/itinerary-56b4b9e3914719ab5a000f24,103
Trip to Asheville,4 Days,https://www.triphobo.com/tripplans/asheville/itinerary-56b5e2879147194a57000306,88
Trip to Asheville,6 Days,https://www.triphobo.com/tripplans/asheville/itinerary-from-west-palm-beach-5697b2719bd33ef2450002af,68
5 Day Trip to Asheville from Baltimore,5 Days,https://www.triphobo.com/tripplans/asheville/itinerary-from-baltimore-5702de578527a5e97c001c70,58
Trip to Asheville,3 Days,https://www.triphobo.com/tripplans/asheville/itinerary-from-raleigh-56ca90728427a5a354000733,56
2 Days of your Life in  Asheville,2 Days,https://www.triphobo.com/tripplans/asheville/itinerary-from-nashville-56680bc51bb75eab0e00022a,54
Trip to Asheville,6 Days,https://www.triphobo.com/tripplans/asheville/itinerary-from-albuquerque-56b017e5c8ed6e254d0009f7,48
Trip to Asheville,5 Days,https://www.triphobo.com/tripplans/asheville/itinerary-from-wilmington-569c6d2285e482c848000165,47
Trip to Asheville,3 Days,https://www.triphobo.com/tripplans/asheville/itinerary-from-raleigh-56b8d4a48527a53d5c0001f2,46
3 Day Trip to Asheville from Durham,3 Days,https://www.triphobo.com/tripplans/asheville/itinerary-from-durham-576c91f24e82310459000677,46
Trip to Asheville,2 Days,https://www.triphobo.com/tripplans/asheville/itinerary-from-asheville-569e1eafa6d46db30e000145,45
3 Day Trip to Asheville from Henryville,3 Days,https://www.triphobo.com/tripplans/asheville/itinerary-from-henryville-577eac284e8231291f000476,44
Trip to Asheville,6 Days,https://www.triphobo.com/tripplans/asheville/itinerary-56c7be6add853a7f23000266,43
Trip to Asheville,2 Days,https://www.triphobo.com/tripplans/asheville/itinerary-569c523e9bd33e3d100005d3,42
Trip to Asheville,5 Days,https://www.triphobo.com/tripplans/asheville/itinerary-from-lillington-56a631fa5acb702e150004f8,38
Trip to Asheville,3 Days,https://www.triphobo.com/tripplans/asheville/itinerary-from-clinton-56c3481cc8ed6eed7c000044,38
Trip to Asheville,1 Day,https://www.triphobo.com/tripplans/asheville/itinerary-from-washington-d-c-56c49a679147191a6900137e,37
5 Day Trip to Asheville from Charlottesville,5 Days,https://www.triphobo.com/tripplans/asheville/itinerary-from-charlottesville-56ffcfe5a6d0be525900076d,36
Trip to Asheville,2 Days,https://www.triphobo.com/tripplans/asheville/itinerary-56b3d3898e47192d4d00001c,34
Trip to Asheville,9 Days,https://www.triphobo.com/tripplans/asheville/itinerary-from-athens-568fefc19bd33e19190002b4,33
Trip to Asheville,2 Days,https://www.triphobo.com/tripplans/asheville/itinerary-56d662a269d56d347f00051c,31
4 Day Trip to Asheville from West Palm Beach,4 Days,https://www.triphobo.com/tripplans/asheville/itinerary-from-west-palm-beach-578afd2b4e82313c6e000000,31
Trip to Asheville,2 Days,https://www.triphobo.com/tripplans/asheville/itinerary-56a5a9be8e4719e73b0006e6,30
4 Day Trip to Asheville from Anderson,4 Days,https://www.triphobo.com/tripplans/asheville/itinerary-from-anderson-575ee8384e82310d48000803,29
Trip to Asheville,8 Days,https://www.triphobo.com/tripplans/asheville/itinerary-from-durham-56c2a32f8e4719d57700121b,28
Trip to Asheville,4 Days,https://www.triphobo.com/tripplans/asheville/itinerary-from-athens-568b4e2012cdbec11f00004a,27
Trip to Asheville,2 Days,https://www.triphobo.com/tripplans/asheville/itinerary-569538b79bd33e837c00009b,27
5 Day Trip to Asheville from Richmond,5 Days,https://www.triphobo.com/tripplans/asheville/itinerary-from-richmond-574797824e8231877800134d,27
4 Day Trip to Asheville from Windsor,4 Days,https://www.triphobo.com/tripplans/asheville/itinerary-from-windsor-57ade4a54e8231601f000087,27
Trip to Asheville,4 Days,https://www.triphobo.com/tripplans/asheville/itinerary-from-aiken-569d31b89bd33ea85400004b,26
4 Day Trip to Asheville from Denver,4 Days,https://www.triphobo.com/tripplans/asheville/itinerary-from-denver-57b01eed4e82316118000137,26
6 Day Trip to Asheville from Antioch,6 Days,https://www.triphobo.com/tripplans/asheville/itinerary-from-antioch-57d056ea4e8231a145000b6d,26
Trip to Asheville,4 Days,https://www.triphobo.com/tripplans/asheville/itinerary-from-north-lewisburg-569462c0a6d46d751c00030e,25
Trip to Asheville,3 Days,https://www.triphobo.com/tripplans/asheville/itinerary-from-watervliet-56ca792883fc9432060006d0,25
Trip to Asheville,4 Days,https://www.triphobo.com/tripplans/asheville/itinerary-from-brooksville-568178b99bd33e1a5500044b,24
Trip to Asheville,5 Days,https://www.triphobo.com/tripplans/asheville/itinerary-from-cincinnati-5688951969ab71362a000000,24
Trip to Asheville,5 Days,https://www.triphobo.com/tripplans/asheville/itinerary-5699015c7f2db97906000045,24
Trip to Asheville,7 Days,https://www.triphobo.com/tripplans/asheville/itinerary-from-fort-worth-569b3b6b85e482ba7e000205,24
Ashville ,4 Days,https://www.triphobo.com/tripplans/asheville/itinerary-from-denver-57b03b944e8231462d000039,24
6 Day Trip to Asheville from Hyderabad,6 Days,https://www.triphobo.com/tripplans/asheville/itinerary-from-hyderabad-57bc9bb34e82316e560004ad,24
5 Days Trip to asheville,5 Days,https://www.triphobo.com/tripplans/asheville/itinerary-from-asheville-57bfe5485fec37e6600065bd,24
2 Days Trip to asheville,2 Days,https://www.triphobo.com/tripplans/asheville/itinerary-from-asheville-57bfe5575fec371d6100698e,24
3 Day Trip to Asheville from Peachtree Corners,3 Days,https://www.triphobo.com/tripplans/asheville/itinerary-from-peachtree-corners-575b61d94e82313228000aaf,23
3 Day Trip to Asheville from Milwaukee,3 Days,https://www.triphobo.com/tripplans/asheville/itinerary-from-milwaukee-576c03cf4e8231ab4100067c,23
6 Day Trip to Asheville from Charlotte,6 Days,https://www.triphobo.com/tripplans/asheville/itinerary-from-charlotte-57d8b4714e82312349000c1d,23
Trip to Asheville,4 Days,https://www.triphobo.com/tripplans/asheville/itinerary-from-st-petersburg-5695c8ff85e482bb45000dc5,22
Trip to Asheville,2 Days,https://www.triphobo.com/tripplans/asheville/itinerary-from-summerville-56bfe3977547193639000267,22
3 Day Trip to Asheville from Charlotte,3 Days,https://www.triphobo.com/tripplans/asheville/itinerary-from-charlotte-57492d584e823170080007cb,22
3 Days Trip to asheville,3 Days,https://www.triphobo.com/tripplans/asheville/itinerary-from-asheville-57bfe5525fec37e8600066c5,22
Trip to Asheville,1 Day,https://www.triphobo.com/tripplans/asheville/itinerary-from-st-peters-569ad4829bd33e6838000282,21
Trip to Asheville,5 Days,https://www.triphobo.com/tripplans/asheville/itinerary-from-cody-56d0c62183fc9471160001e8,21
5 Day Trip to Asheville from Horn Lake,5 Days,https://www.triphobo.com/tripplans/asheville/itinerary-from-horn-lake-575b65984e82311402000191,21
3 Day Trip to Asheville from Clayton,3 Days,https://www.triphobo.com/tripplans/asheville/itinerary-from-clayton-577e70404e82310110000f10,21
4 Days Trip to asheville,4 Days,https://www.triphobo.com/tripplans/asheville/itinerary-from-asheville-57bfe54d5fec377d6b007e51,21
4 Day Trip to Asheville,4 Days,https://www.triphobo.com/tripplans/asheville/itinerary-from-asheville-57c883164e8231cd3c000d85,21
3 Day Trip to Asheville from Mooresville,3 Days,https://www.triphobo.com/tripplans/asheville/itinerary-from-mooresville-57989ce44e82319648000719,20
Trip to Asheville,4 Days,https://www.triphobo.com/tripplans/asheville/itinerary-5683014ca6d46d157400038c,19
Trip to Asheville,9 Days,https://www.triphobo.com/tripplans/asheville/itinerary-from-durham-56bf6dab914719880c0000d8,19
3 Day Trip to Asheville from Alpharetta,3 Days,https://www.triphobo.com/tripplans/asheville/itinerary-from-alpharetta-57353e434e8231436f000f07,19
7 Days Trip to asheville,7 Days,https://www.triphobo.com/tripplans/asheville/itinerary-from-asheville-57bfe53a5fec37ba57005a18,19
4 Day Trip to Asheville from Greensboro,4 Days,https://www.triphobo.com/tripplans/asheville/itinerary-from-greensboro-578909364e82311b1e000624,18
6 Days Trip to asheville,6 Days,https://www.triphobo.com/tripplans/asheville/itinerary-from-asheville-57bfe5415fec37e958005f24,18
Trip to Asheville,5 Days,https://www.triphobo.com/tripplans/asheville/itinerary-from-centereach-568a9d4685e482767000033f,17
Trip to Asheville,3 Days,https://www.triphobo.com/tripplans/asheville/itinerary-from-big-stone-gap-56c2a2710e16f55d0600003e,17
4 Day Trip to Asheville from Jacksonville,4 Days,https://www.triphobo.com/tripplans/asheville/itinerary-from-jacksonville-57997aca4e8231a6090000ea,17
4 Day Trip to Asheville from Walterboro,4 Days,https://www.triphobo.com/tripplans/asheville/itinerary-from-walterboro-57e0b86b4e82311854000aa4,17
4 Day Trip to Asheville from Rochester Mills,4 Days,https://www.triphobo.com/tripplans/asheville/itinerary-from-rochester-mills-57386dc94e8231f44400063e,16
3 days Trip to Asheville from Cleveland,3 Days,https://www.triphobo.com/tripplans/asheville/itinerary-from-cleveland-57a7a7784e8231ca5f00062b,16
3 Day Trip to Asheville,3 Days,https://www.triphobo.com/tripplans/asheville/itinerary-from-asheville-57c87cbc4e8231161e000f0c,16
Trip to Asheville,1 Day,https://www.triphobo.com/tripplans/asheville/itinerary-from-fort-lauderdale-5682a1678527a5d5610000bf,15
Trip to Asheville,5 Days,https://www.triphobo.com/tripplans/asheville/itinerary-from-greenville-56967e5485e482ec79000423,15
Trip to Asheville,5 Days,https://www.triphobo.com/tripplans/asheville/itinerary-56bd01188527a52e6c000132,15
Trip to Asheville,7 Days,https://www.triphobo.com/tripplans/asheville/itinerary-from-fort-lauderdale-56c77129dd853ad845000490,15
3 Day Trip to Asheville from Greenwich,3 Days,https://www.triphobo.com/tripplans/asheville/itinerary-from-greenwich-57a8a2654e8231950600061e,15
3 Day Trip to Asheville from Fort Lauderdale,3 Days,https://www.triphobo.com/tripplans/asheville/itinerary-from-fort-lauderdale-57d218354e8231366900038b,15
Trip to Asheville,4 Days,https://www.triphobo.com/tripplans/asheville/itinerary-from-summerville-568c455985e482b90a000128,14
Trip to Asheville,1 Day,https://www.triphobo.com/tripplans/asheville/itinerary-56f2ae5d68d56dbc5c000168,14
3 Day Trip to Asheville from Indianapolis,3 Days,https://www.triphobo.com/tripplans/asheville/itinerary-from-indianapolis-573096384e8231ac7300024e,14
Trip to Asheville,2 Days,https://www.triphobo.com/tripplans/asheville/itinerary-5683010ca6d46d077400044d,13
Trip to Asheville,4 Days,https://www.triphobo.com/tripplans/asheville/itinerary-from-johnson-city-5693f9e58527a577010007c9,13
Trip to Asheville,2 Days,https://www.triphobo.com/tripplans/asheville/itinerary-56a474388527a53f49000061,13
Trip to Asheville,4 Days,https://www.triphobo.com/tripplans/asheville/itinerary-from-abilene-56dcc23082fc94444a00069c,13
9 Day Trip to Asheville from Denham Springs,8 Days,https://www.triphobo.com/tripplans/asheville/itinerary-from-denham-springs-572188798427a5b818001a59,13
4 Day Trip to Asheville from Charlotte,3 Days,https://www.triphobo.com/tripplans/asheville/itinerary-from-charlotte-57cdf3174e823114760001b5,13
3 Day Trip to Asheville from Greeneville,3 Days,https://www.triphobo.com/tripplans/asheville/itinerary-from-greeneville-57f928b04e8231f926000040,13
Trip to Asheville,3 Days,https://www.triphobo.com/tripplans/asheville/itinerary-56c2a47f8427a57624001105,12
8 Day Trip to Asheville from Pittsburgh,8 Days,https://www.triphobo.com/tripplans/asheville/itinerary-from-pittsburgh-57a075df4e8231ac010003ec,12
4 Day Trip to Asheville from Baton Rouge,4 Days,https://www.triphobo.com/tripplans/asheville/itinerary-from-baton-rouge-57c9ca5d4e82310c35000908,12
6 Day Trip to Asheville from New Bern,6 Days,https://www.triphobo.com/tripplans/asheville/itinerary-from-new-bern-57ce24428427a52d4a001046,12
Trip to Asheville,5 Days,https://www.triphobo.com/tripplans/asheville/itinerary-from-chesapeake-56bd69c2dd853a3072000ce3,11
Trip to Asheville,5 Days,https://www.triphobo.com/tripplans/asheville/itinerary-from-frederick-56c71fbb914719fb7500040f,11
Trip to Asheville,12 Days,https://www.triphobo.com/tripplans/asheville/itinerary-from-hyderabad-5735b9708427a5075b001a41,11
4 Day Trip to Asheville from Lexington,4 Days,https://www.triphobo.com/tripplans/asheville/itinerary-from-lexington-57c78a4e4e82313263000f32,11
3 Day Trip to Asheville from Mechanicsburg,3 Days,https://www.triphobo.com/tripplans/asheville/itinerary-from-mechanicsburg-57fe8cab4e82317473000423,11
Trip to Asheville,2 Days,https://www.triphobo.com/tripplans/asheville/itinerary-from-virginia-beach-568346b88527a58e61000783,10
Trip to Asheville,1 Day,https://www.triphobo.com/tripplans/asheville/itinerary-5693c2ee69ab71a83c000207,10
6 Day Trip to Asheville from Denham Springs,6 Days,https://www.triphobo.com/tripplans/asheville/itinerary-from-denham-springs-57218bbb4e8231384c00065f,10
3 Day Trip to Asheville from Hendersonville,3 Days,https://www.triphobo.com/tripplans/asheville/itinerary-from-hendersonville-57f5374a8427a56c1000012f,10
Trip to Asheville,1 Day,https://www.triphobo.com/tripplans/asheville/itinerary-from-washington-d-c-56c499ab9147191558000cdb,9
Trip to Asheville,3 Days,https://www.triphobo.com/tripplans/asheville/itinerary-56d25aae68d56dcf10000d09,9
1 Day Trip to Asheville,1 Day,https://www.triphobo.com/tripplans/asheville/itinerary-from-asheville-57c872654e8231460d000f79,9
3 Day Trip to Asheville from Fort Mill,3 Days,https://www.triphobo.com/tripplans/asheville/itinerary-from-fort-mill-57e923674e8231e03e000b3e,9
3 Day Trip to Asheville from Fort Wayne,3 Days,https://www.triphobo.com/tripplans/asheville/itinerary-from-fort-wayne-57ec09484e82318726000462,9
3 Day Trip to Asheville,3 Days,https://www.triphobo.com/tripplans/asheville/itinerary-from-asheville-57ffb3104e823160350000ff,9
2 Day Trip to Asheville from Maryville,2 Days,https://www.triphobo.com/tripplans/asheville/itinerary-from-maryville-580b6bd34e8231004200000c,9
3 Day Trip to Asheville from Charlotte,3 Days,https://www.triphobo.com/tripplans/asheville/itinerary-from-charlotte-580d6af24e8231432a00088e,9
Trip to Asheville,1 Day,https://www.triphobo.com/tripplans/asheville/itinerary-from-johnson-city-5693f6f38527a5d444000c4d,8
Trip to Asheville,4 Days,https://www.triphobo.com/tripplans/asheville/itinerary-from-madison-56e1741e83fc944b35000d6d,8
Trip to Asheville,5 Days,https://www.triphobo.com/tripplans/asheville/itinerary-from-st-petersburg-56e99ba68427a5366e00015c,8
3 Day Trip to Asheville from West Chicago,3 Days,https://www.triphobo.com/tripplans/asheville/itinerary-from-west-chicago-571154c34e8231420e001d0a,8
3 Day Trip to Asheville from Franklin,3 Days,https://www.triphobo.com/tripplans/asheville/itinerary-from-franklin-57f489394e82316b1200029c,8
Trip to Asheville,1 Day,https://www.triphobo.com/tripplans/asheville/itinerary-from-johnson-city-5693f9b28527a5d33c000332,7
Trip to Asheville,5 Days,https://www.triphobo.com/tripplans/asheville/itinerary-from-myrtle-beach-56bba4369147190d27000288,7
Trip to Asheville,4 Days,https://www.triphobo.com/tripplans/asheville/itinerary-from-charleston-56c623798e4719f020000b0f,7
Trip to Asheville,3 Days,https://www.triphobo.com/tripplans/asheville/itinerary-from-clifton-forge-56f082648527a5481b0000f5,7
3 Day Trip to Asheville from Morganton,3 Days,https://www.triphobo.com/tripplans/asheville/itinerary-from-morganton-5813707c4e8231a53900008a,7
"8 Day Trip to Asheville from The Woodhouse Day Spa - Columbus, OH",8 Days,https://www.triphobo.com/tripplans/asheville/itinerary-from-the-woodhouse-day-spa-columbus-oh-571c00f74e82313b76000169,6
3 Day Trip to Asheville from Charlotte,3 Days,https://www.triphobo.com/tripplans/asheville/itinerary-from-charlotte-572fae724e8231e073001334,6
3 Day Trip to Asheville from Charlotte,3 Days,https://www.triphobo.com/tripplans/asheville/itinerary-from-charlotte-572faf904e8231e635000b71,6
Trip to Asheville,3 Days,https://www.triphobo.com/tripplans/asheville/itinerary-from-mentone-566b1c418527a5cc28000869,5
Trip to Asheville,3 Days,https://www.triphobo.com/tripplans/asheville/itinerary-56eb79f28527a54f4e000398,5
Trip to Asheville,3 Days,https://www.triphobo.com/tripplans/asheville/itinerary-from-henderson-56f059d18427a5b455000736,5
3 Day Trip to Asheville from Torrance,3 Days,https://www.triphobo.com/tripplans/asheville/itinerary-from-torrance-570574758427a5cb74000dde,5
8 Day Trip to Asheville from Westmont,8 Days,https://www.triphobo.com/tripplans/asheville/itinerary-from-westmont-571bbb774e82313834000391,5
10 Day Trip to Asheville from Naples,10 Days,https://www.triphobo.com/tripplans/asheville/itinerary-from-naples-571e05684e82317420001560,5
3 Day Trip to Asheville from Kodak,3 Days,https://www.triphobo.com/tripplans/asheville/itinerary-from-kodak-581c366e4e82310f5d00037a,5
3 Day Trip to Asheville from Troutville,3 Days,https://www.triphobo.com/tripplans/asheville/itinerary-from-troutville-5703d9940fe5d0da730006e1,4
3 Day Trip to Asheville from Angier,3 Days,https://www.triphobo.com/tripplans/asheville/itinerary-from-angier-5726c5cd4e8231dd49001dbf,4
4 Day Trip to Asheville from Doylestown,4 Days,https://www.triphobo.com/tripplans/asheville/itinerary-from-doylestown-581cd1d04e8231d865000a74,4
3 Day Trip to Asheville from Memphis,3 Days,https://www.triphobo.com/tripplans/asheville/itinerary-from-memphis-571bd9fe8427a582430004af,3
3 Day Trip to Asheville from Streamwood,3 Days,https://www.triphobo.com/tripplans/asheville/itinerary-from-streamwood-572e45104e8231225c001dd8,3
2 days Trip to Asheville from Fredericksburg,3 Days,https://www.triphobo.com/tripplans/asheville/itinerary-from-fredericksburg-57b5f1c44e8231cf63000d46,3
7 Day Trip to Asheville from Tallahassee,7 Days,https://www.triphobo.com/tripplans/asheville/itinerary-from-tallahassee-5828ab564e823193080000e7,2
5 Day Trip to Asheville from Hollis,5 Days,https://www.triphobo.com/tripplans/asheville/itinerary-from-hollis-582f280d4e8231f824000635,2
33 Day Trip to United States from Asheville,33 Days,https://www.triphobo.com/tripplans/united-states-itinerary-from-asheville-57003e2525616e7375000a90,208
"Trip to Memphis, Nashville, Asheville, Charleston, Hot Springs",8 Days,https://www.triphobo.com/tripplans/united-states-itinerary-from-dallas-56d5f7868427a5a52200086f,120
"Trip to Asheville, Pigeon Forge",6 Days,https://www.triphobo.com/tripplans/pigeon-forge-asheville-itinerary-from-saint-louis-5679b09e8527a5e6320005a3,116
"Trip to Washington D. C., Asheville",4 Days,https://www.triphobo.com/tripplans/asheville-washington-d-c-itinerary-from-houston-56a96e0a914719c042000372,88
"Trip to Nashville, Asheville, Louisville",5 Days,https://www.triphobo.com/tripplans/asheville-nashville-louisville-itinerary-from-richmond-56c6238d9147198f5900082b,80
"9 Day Trip to Memphis, Nashville, Asheville from Miami",9 Days,https://www.triphobo.com/tripplans/asheville-nashville-memphis-itinerary-from-miami-577021894e82318512000afa,77
"8 Day Trip to Nashville, Birmingham, Asheville, Charleston from Little Rock",8 Days,https://www.triphobo.com/tripplans/united-states-itinerary-from-little-rock-574872944e82319d58000361,68
"8 Day Trip to Nashville, Asheville, Myrtle Beach from Louisville",8 Days,https://www.triphobo.com/tripplans/nashville-asheville-myrtle-beach-itinerary-from-louisville-577296748427a55f190001a7,68
"Trip to Asheville, Charleston",6 Days,https://www.triphobo.com/tripplans/charleston-asheville-itinerary-from-norfolk-568b0b0a9bd33e4d3a000678,67
"6 Day Trip to Memphis, Nashville, Asheville from Miami",5 Days,https://www.triphobo.com/tripplans/memphis-nashville-asheville-itinerary-from-miami-574e18824e82312b720001af,54
"Trip to Nashville, Asheville, Charleston, Jacksonville, Orange Beach, Natchez",7 Days,https://www.triphobo.com/tripplans/united-states-itinerary-from-mayflower-56c4a55b764719f775000391,51
"18 Day Trip to Washington D. C., Philadelphia, New York City, Orlando, Boston, Asheville, Williamsburg from Camarillo",18 Days,https://www.triphobo.com/tripplans/united-states-itinerary-from-camarillo-575a401f4e823138570018eb,48
"Trip to Newark, Asheville",2 Days,https://www.triphobo.com/tripplans/newark-asheville-itinerary-from-newark-5687d0899bd33ebb6d000002,37
"Trip to Asheville, Camden",7 Days,https://www.triphobo.com/tripplans/asheville-camden-itinerary-from-franklin-56c7dd010bcdbe2b06000009,37
"Trip to Washington D. C., Charlotte, Asheville, Charleston",10 Days,https://www.triphobo.com/tripplans/united-states-itinerary-from-tampa-56bce6778e47197b49000218,36
"Trip to Asheville, Gatlinburg, Pigeon Forge",7 Days,https://www.triphobo.com/tripplans/gatlinburg-pigeon-forge-asheville-itinerary-from-columbus-56edb45b83fc945d020005a1,36
"Trip to Memphis, Nashville, Asheville, Pigeon Forge",7 Days,https://www.triphobo.com/tripplans/united-states-itinerary-from-midlothian-56c26c595acb70ea53000f02,35
"Trip to Washington D. C., Asheville",8 Days,https://www.triphobo.com/tripplans/asheville-washington-d-c-itinerary-from-tallahassee-56d678e582fc9415740005cc,35
"28 Day Trip to New Orleans, Asheville, Myrtle Beach, Morgantown, Destin, Carrollton, Huntington from Harborcreek Township",28 Days,https://www.triphobo.com/tripplans/united-states-itinerary-from-harborcreek-township-5721239d4e82310019001c19,35
"14 Day Trip to Austin, Washington D. C., New Orleans, Santa Fe, Asheville, Sedona, Chattanooga from Troy",14 Days,https://www.triphobo.com/tripplans/united-states-itinerary-from-troy-572624c84e8231156100105d,32
"4 Day Trip to Atlanta, Asheville from Washington D. C.",4 Days,https://www.triphobo.com/tripplans/atlanta-asheville-itinerary-from-washington-d-c-57547d544e82316c020000d3,32
"8 Day Trip to Savannah, Asheville, Charleston from Littleton",8 Days,https://www.triphobo.com/tripplans/savannah-charleston-asheville-itinerary-from-littleton-57adea534e82312d3200026d,32
"Trip to Washington D. C., Asheville",8 Days,https://www.triphobo.com/tripplans/asheville-washington-d-c-itinerary-from-tallahassee-56d676bc82fc94334a000041,31
"19 Day Trip to Savannah, Asheville, Raleigh, Charleston, Myrtle Beach, Macon, Pawleys Island from Blue Springs",19 Days,https://www.triphobo.com/tripplans/united-states-itinerary-from-blue-springs-57e1ad064e8231526a0005e6,31
"Trip to Nashville, Asheville, Charleston",3 Days,https://www.triphobo.com/tripplans/charleston-asheville-nashville-itinerary-from-atlanta-569066bb9bd33e6f5d00039d,29
"8 Day Trip to Birmingham, Asheville from Leesburg",8 Days,https://www.triphobo.com/tripplans/birmingham-asheville-itinerary-from-leesburg-57ac78ba4e8231154500019b,29
"7 Day Trip to Asheville, Niagara Falls from Ottawa",7 Days,https://www.triphobo.com/tripplans/niagara-falls-asheville-itinerary-from-ottawa-57b1308f8427a51d190000c2,29
"11 Day Trip to Atlanta, Asheville, Charleston, Jacksonville from Fort Lauderdale",11 Days,https://www.triphobo.com/tripplans/united-states-itinerary-from-fort-lauderdale-575c74ee4e8231a01300193b,28
"Trip to New Orleans, Asheville",7 Days,https://www.triphobo.com/tripplans/asheville-new-orleans-itinerary-from-oxford-56b940b5c8ed6eaf040004af,27
"6 Day Trip to Nashville, Asheville from Xenia",6 Days,https://www.triphobo.com/tripplans/asheville-nashville-itinerary-from-xenia-5760aac84e8231f90a0001f3,25
"Trip to Asheville, Arlington",6 Days,https://www.triphobo.com/tripplans/asheville-arlington-itinerary-from-west-chester-56fb3e5ca6d0be200a0002f8,23
"7 Day Trip to Asheville, Gatlinburg from Saint Louis",7 Days,https://www.triphobo.com/tripplans/gatlinburg-asheville-itinerary-from-saint-louis-57e155dd4e8231de2c001099,23
"5 Day Trip to Charlotte, Asheville from Fort Gratiot Township",5 Days,https://www.triphobo.com/tripplans/asheville-charlotte-itinerary-from-fort-gratiot-township-56feb29027e5d08372001186,22
"9 Day Trip to Nashville, Charlotte, Asheville from Fernandina Beach",9 Days,https://www.triphobo.com/tripplans/nashville-asheville-charlotte-itinerary-from-fernandina-beach-575c074b4e8231a3130007cb,21
"12 Day Trip to Nashville, Bentonville, Asheville, Charleston, Jacksonville, Pooler, Orange Beach from Fannett",12 Days,https://www.triphobo.com/tripplans/united-states-itinerary-from-fannett-57855f6e4e82318e46000430,21
"8 Day Trip to Nashville, Asheville, Myrtle Beach from Willard",8 Days,https://www.triphobo.com/tripplans/nashville-asheville-myrtle-beach-itinerary-from-willard-57c6ea2f4e8231334d000ade,21
"9 Day Trip to Asheville, Myrtle Beach from Indianapolis",9 Days,https://www.triphobo.com/tripplans/asheville-myrtle-beach-itinerary-from-indianapolis-57f859294e82319f77000ca7,21
"14 Day Trip to Charlotte, Asheville, Charleston, Myrtle Beach, Chapel Hill from Fort Myers",14 Days,https://www.triphobo.com/tripplans/united-states-itinerary-from-fort-myers-572691db4e8231460f00019c,19
"13 Day Trip to Washington D. C., New York City, Asheville, Niagara Falls, Oshkosh from Grove",13 Days,https://www.triphobo.com/tripplans/united-states-canada-itinerary-from-grove-5743b65b4e82313a2f00218f,18
"Trip to Charlotte, Asheville, Chapel Hill",10 Days,https://www.triphobo.com/tripplans/charlotte-asheville-chapel-hill-itinerary-from-pompano-beach-566b84228527a5a637000641,17
"11 Day Trip to New Orleans, Asheville from Rexburg",11 Days,https://www.triphobo.com/tripplans/asheville-new-orleans-itinerary-from-rexburg-5756bbff4e8231dd30000237,16
"8 Day Trip to Mumbai, Asheville from Pune",8 Days,https://www.triphobo.com/tripplans/mumbai-asheville-itinerary-from-pune-57e939108427a518190007cc,16
"Trip to Asheville, Charleston",6 Days,https://www.triphobo.com/tripplans/asheville-charleston-itinerary-from-naperville-56f0796182fc944b4c000097,15
"6 Day Trip to Asheville, Cherokee from Atlanta",6 Days,https://www.triphobo.com/tripplans/asheville-cherokee-itinerary-from-atlanta-5741c5214e82316b18000b91,15
"8 Day Trip to Charlotte, Asheville from Boca Raton",8 Days,https://www.triphobo.com/tripplans/asheville-charlotte-itinerary-from-boca-raton-573e1f394e8231456f0001af,12
"5 Day Trip to Charlotte, Asheville, Raleigh from Spring Valley",5 Days,https://www.triphobo.com/tripplans/charlotte-asheville-raleigh-itinerary-from-spring-valley-57374fbf4e82314077001271,10
"Trip to San Francisco, Asheville, Arlington",9 Days,https://www.triphobo.com/tripplans/asheville-san-francisco-arlington-itinerary-from-west-chester-56fb362da6d0beb702000311,8
"Trip to Asheville, Carolina Beach, Myrtle Beach, Charleston",4 Days,https://www.triphobo.com/tripplans/united-states-itinerary-5722140a4e8231d00c00127c,8
"5 Day Trip to Philadelphia, New York City, Asheville from Nashville",5 Days,https://www.triphobo.com/tripplans/asheville-philadelphia-new-york-city-itinerary-from-nashville-581392a88427a5223a00024b,8
"6 Day Trip to Asheville, Cookeville, Gatlinburg from Baltimore",6 Days,https://www.triphobo.com/tripplans/asheville-gatlinburg-cookeville-itinerary-from-baltimore-581a30324e8231c73b0001bb,6
"4 Day Trip to Asheville, Great Smoky Mountains National Park from Greenville",2 Days,https://www.triphobo.com/tripplans/asheville-great-smoky-mountains-national-park-itinerary-from-greenville-581d21734e82312f36000968,5
"9 Day Trip to New Orleans, Nashville, Asheville from Ormond Beach",9 Days,https://www.triphobo.com/tripplans/asheville-nashville-new-orleans-itinerary-from-ormond-beach-5829badf4e8231cf19000186,3
