days,name,url,views
5 Days,Austin Itinerary 4 Days,https://www.triphobo.com/tripplans/austin/itinerary-from-austin-578f69f55fec371d64000323,59572
3 Days,Austin Itinerary 2 Days,https://www.triphobo.com/tripplans/austin/itinerary-from-austin-578f69ec5fec37d669000360,51779
7 Days,Austin Itinerary 6 Days,https://www.triphobo.com/tripplans/austin/itinerary-from-austin-578f6a025fec372864000418,50100
20 Days,"Trip to Austin, New Orleans, Los Angeles, Houston",https://www.triphobo.com/tripplans/united-states-trip-from-nashville-551d4069f9c2e5e30400022b,1363
17 Days,"Trip to Austin, Miami, Los Angeles",https://www.triphobo.com/tripplans/los-angeles-austin-miami-trip-from-richmond-55073124f9c2e5686e0000b5,1193
20 Days,"Trip to Albuquerque, Austin, New Orleans, Seattle, Los Angeles, San Francisco, Phoenix, Portland",https://www.triphobo.com/tripplans/united-states-trip-from-bradenton-55a527b0fbc2e552110002c9,1180
15 Days,"Trip to Austin, Dallas",https://www.triphobo.com/tripplans/austin-dallas-trip-from-ardmore-558c855cfbc2e5710a000a7e,1171
20 Days,"Trip to Austin, Washington D. C., Minneapolis",https://www.triphobo.com/tripplans/austin-washington-d-c-minneapolis-trip-from-long-beach-5545656bfbc2e5f8700005b2,1094
5 Days,Trip to Austin,https://www.triphobo.com/tripplans/austin-trip-from-san-francisco-5497c7650c1d0abe5c0014ce,879
47 Days,"Trip to Las Vegas, Austin, Miami, Washington D. C., Los Angeles, New York City, San Francisco, Houston, Boston, Virginia Beach",https://www.triphobo.com/tripplans/united-states-itinerary-5648c68e8527a5cf7d000439,857
57 Days,"Trip to Berlin, Rome, Austin, London, Los Angeles, Amsterdam, Budapest, Portland, Topeka",https://www.triphobo.com/tripplans/north-america-europe-itinerary-from-san-francisco-569886f51969286406000026,852
17 Days,"Trip to Austin, Dallas, New Orleans, San Antonio, Houston",https://www.triphobo.com/tripplans/united-states-trip-from-winnipeg-55be6922521f717b1500039c,814
13 Days,dream trip,https://www.triphobo.com/tripplans/united-states-trip-from-toledo-559c5984fbc2e56c34000c1d,811
4 Days,Trip to Austin,https://www.triphobo.com/tripplans/austin-trip-from-tampa-54a0ba2bf9c2e53125000307,787
2 Days,Trip to Austin,https://www.triphobo.com/tripplans/austin-trip-from-el-paso-54a0bc8bfbc2e5aa090003cb,764
20 Days,"Trip to Las Vegas, Austin, Washington D. C., New Orleans, Los Angeles, New York City, San Francisco, Honolulu",https://www.triphobo.com/tripplans/united-states-trip-from-sydney-55e3e57df3a73de909000510,683
9 Days,Trip to Austin,https://www.triphobo.com/tripplans/austin-trip-from-wetumpka-55258046f9c2e5e410000119,656
11 Days,"Trip to Austin, Dallas, New Orleans, San Antonio, Houston, Galveston, Destin",https://www.triphobo.com/tripplans/united-states-trip-from-southlake-55646d2dfac2e5ef0a000460,590
25 Days,"Trip to Austin, San Diego, Dallas, Los Angeles, Orlando, Houston, Phoenix",https://www.triphobo.com/tripplans/united-states-itinerary-from-vishakhapatnam-56757dbb85e48224160003fd,530
14 Days,"Trip to Las Vegas, Austin, Atlanta, New Orleans, Seattle, Los Angeles, San Francisco, Vancouver, Yosemite National Park, Portland",https://www.triphobo.com/tripplans/united-states-canada-trip-from-charlotte-55b0382cf3a73d112800113c,493
8 Days,Austin Itinerary 7 Days,https://www.triphobo.com/tripplans/austin-itinerary-7-days,467
16 Days,"Trip to Las Vegas, Austin, Miami, New Orleans, Los Angeles, Mexico City, Cancun, Grand Canyon National Park",https://www.triphobo.com/tripplans/mexico-united-states-trip-plan-55e153a0900670de130003a6,455
5 Days,Austin Itinerary 5 Days,https://www.triphobo.com/tripplans/austin-itinerary-5-days,440
3 Days,Austin Itinerary 3 Days,https://www.triphobo.com/tripplans/austin-itinerary-3-days,430
5 Days,Austin Itinerary 4 Days,https://www.triphobo.com/tripplans/austin-itinerary-4-days,430
7 Days,Austin Itinerary 6 Days,https://www.triphobo.com/tripplans/austin-itinerary-6-days,427
3 Days,Austin Itinerary 2 Days,https://www.triphobo.com/tripplans/austin-itinerary-2-days,404
8 Days,"Trip to Austin, Dallas, San Antonio",https://www.triphobo.com/tripplans/austin-san-antonio-dallas-trip-from-dallas-55a5cd8bf9c2e5e565000100,399
5 Days,"Trip to Austin, Dallas, San Antonio",https://www.triphobo.com/tripplans/san-antonio-austin-dallas-trip-from-dallas-550de406fbc2e5e41e00057e,392
6 Days,Trip to Austin,https://www.triphobo.com/tripplans/austin-trip-from-new-orleans-54952863e70545095c000188,382
5 Days,"Trip to Austin, Dallas, San Antonio",https://www.triphobo.com/tripplans/san-antonio-austin-dallas-trip-plan-55aa5f93ef616e2c2d0007fe,380
2 Days,Two Days In Austin With Friends,https://www.triphobo.com/tripplans/austin-trip-from-moscow-54857f2c0c1d0a024600017d,379
1 Day,Best Of Austin In A Day,https://www.triphobo.com/tripplans/austin-trip-from-dallas-54857ae4f9c2e540580000c2,370
7 Days,"Trip to Austin, Dallas, Dublin",https://www.triphobo.com/tripplans/dallas-dublin-austin-trip-from-waco-558ca4c1fac2e5612b000ba6,366
18 Days,"Trip to Austin, Dallas, San Antonio, Fort Worth, Houston, Galveston",https://www.triphobo.com/tripplans/united-states-itinerary-56159c328427a5002a0001c4,364
3 Days,Trip to Austin,https://www.triphobo.com/tripplans/austin-trip-from-dallas-54f409b3fbc2e5753e000ef9,359
6 Days,"Trip to Austin, Dallas, San Antonio, South Padre Island",https://www.triphobo.com/tripplans/united-states-trip-from-ottawa-55a2d28ff9c2e51c5300003f,358
4 Days,Trip to Austin,https://www.triphobo.com/tripplans/austin-trip-plan-54f4058dfbc2e5793e0011fb,353
15 Days,"Trip to Austin, London, Toronto",https://www.triphobo.com/tripplans/austin-toronto-london-itinerary-from-melbourne-56b1e2acc8ed6e6d4f00003a,344
7 Days,"Trip to Austin, Dallas, San Antonio, Houston",https://www.triphobo.com/tripplans/united-states-trip-from-dodge-city-55a689834615a7c205000188,335
7 Days,"Trip to Austin, Dallas",https://www.triphobo.com/tripplans/austin-dallas-trip-plan-558c550cf9c2e598170005e2,331
2 Days,Trip to Austin,https://www.triphobo.com/tripplans/austin-trip-from-mumbai-54cb0248fbc2e5c379000972,329
3 Days,Trip to Austin,https://www.triphobo.com/tripplans/austin-trip-plan-54f40a76fbc2e51f54000d51,314
3 Days,Trip to Austin,https://www.triphobo.com/tripplans/austin-trip-from-dallas-550b54bf0c1d0a205d000674,268
10 Days,Vacanza 2015,https://www.triphobo.com/tripplans/united-states-trip-from-southlake-5564e80bfac2e5ed0a000dfa,263
8 Days,"Trip to Austin, Dallas",https://www.triphobo.com/tripplans/dallas-austin-trip-plan-559af55ff9c2e58d4e0007d3,260
6 Days,"Trip to Austin, San Antonio, Houston, South Padre Island",https://www.triphobo.com/tripplans/united-states-itinerary-from-newark-56bb904e8427a56b1b000031,244
10 Days,"Trip to Austin, Atlanta, Dallas, New Orleans, Houston, Nashville",https://www.triphobo.com/tripplans/united-states-trip-from-botetourt-east-554d2793f9c2e5c42500033f,238
3 Days,Trip to Austin,https://www.triphobo.com/tripplans/austin-trip-from-mission-viejo-5532b06c0c1d0ac740000502,236
3 Days,"Trip to Paris, Austin, Delhi",https://www.triphobo.com/tripplans/paris-delhi-austin-trip-from-kolkata-54e6ed31fbc2e53b28000f3d,232
8 Days,"Trip to Austin, Miami, Seattle, New York City, Chicago, San Jose",https://www.triphobo.com/tripplans/united-states-trip-from-boston-55422474fbc2e5e87e00018a,226
14 Days,"Trip to Austin, Orlando, Santa Barbara",https://www.triphobo.com/tripplans/orlando-santa-barbara-austin-trip-from-providence-558cafd5fbc2e5b27c00022b,215
6 Days,"Trip to Austin, Denver",https://www.triphobo.com/tripplans/denver-austin-trip-from-tallahassee-558d4fd5fac2e560610004fd,210
18 Days,"Trip to Austin, Dallas, San Antonio, Memphis, Nashville, Oklahoma City",https://www.triphobo.com/tripplans/united-states-itinerary-from-zurich-568bb7108527a5383c000261,210
25 Days,"Trip to Austin, Washington D. C., New Orleans, New York City, San Antonio, Boston, Chicago, Toronto, Portland, Niagara Falls",https://www.triphobo.com/tripplans/united-states-canada-itinerary-from-los-angeles-569c81389bd33e835b0000f3,195
10 Days,"Trip to Berlin, Austin, San Antonio, Fort Worth, Bangkok, Varanasi, Vancouver, Barcelona, Nara, Darmstadt",https://www.triphobo.com/tripplans/europe-north-america-asia-itinerary-from-dapoli-56175fc6bb6928e873000113,188
43 Days,"Trip to Austin, Washington D. C., Seattle, Orlando",https://www.triphobo.com/tripplans/united-states-itinerary-from-anchorage-5619459486ccbe330b000386,186
6 Days,"Trip to Austin, Dallas, New Orleans, Nashville, Arlington, Mineola",https://www.triphobo.com/tripplans/united-states-trip-from-portland-55db527800fc94912e00066a,180
5 Days,"Trip to Austin, Pittsburgh, Geelong",https://www.triphobo.com/tripplans/geelong-austin-pittsburgh-trip-from-pigeon-forge-554056cdf9c2e5ab660005f3,176
9 Days,"Trip to Las Vegas, Austin, New Orleans, Los Angeles, Orlando, San Francisco, Chicago, Memphis, Denver",https://www.triphobo.com/tripplans/united-states-itinerary-from-east-quogue-564251d58427a5503a000190,175
9 Days,"Trip to Austin, Chicago",https://www.triphobo.com/tripplans/austin-chicago-trip-from-chicago-55b6e570521f719d0c0003be,170
9 Days,"Trip to Austin, San Diego, Los Angeles",https://www.triphobo.com/tripplans/los-angeles-san-diego-austin-trip-from-chicago-557244c0f9c2e58f110007b8,168
6 Days,Trip to Austin,https://www.triphobo.com/tripplans/austin-trip-from-anaheim-5574bb4bf9c2e515420009e8,164
1 Day,Trip to Austin,https://www.triphobo.com/tripplans/austin-trip-from-dallas-54c868fb0c1d0a583e000001,163
21 Days,"Trip to Austin, Salt Lake City, Dallas, New Orleans, Los Angeles, Houston, Denver, Yellowstone National Park, Grand Canyon National Park, Zion National Park",https://www.triphobo.com/tripplans/united-states-itinerary-from-buffalo-56979d7d8527a5a94c00053a,161
4 Days,Trip to Austin,https://www.triphobo.com/tripplans/austin-trip-from-mumbai-55311f70fbc2e5ac330003d3,156
9 Days,Trip to Austin,https://www.triphobo.com/tripplans/austin-trip-from-chicago-55734c48f9c2e55b04000b11,152
4 Days,"Trip to Houston, Austin, San Antonio, Galveston",https://www.triphobo.com/tripplans/united-states-itinerary-56c908638f47192122000307,152
7 Days,"Trip to Austin, Kyoto",https://www.triphobo.com/tripplans/austin-kyoto-trip-from-kaunakakai-55bcb0bf00fc946a2c000060,151
2 Days,Trip to Austin,https://www.triphobo.com/tripplans/austin-trip-from-new-orleans-5517bface705454c13000000,149
16 Days,"Trip to Austin, San Diego, San Francisco",https://www.triphobo.com/tripplans/san-diego-san-francisco-austin-trip-from-larnaca-55492ce8f9c2e5d91800040f,147
16 Days,"Trip to Austin, San Diego, San Francisco",https://www.triphobo.com/tripplans/san-diego-san-francisco-austin-trip-from-larnaca-55492a9dfbc2e5e921000430,139
8 Days,"Trip to Austin, Portland, Wichita",https://www.triphobo.com/tripplans/wichita-austin-portland-trip-from-san-francisco-55c271751aa23cee740002c2,135
2 Days,Trip to Austin,https://www.triphobo.com/tripplans/austin/itinerary-from-fort-worth-56731c23a6d46dfb33000871,134
7 Days,Trip to Austin,https://www.triphobo.com/tripplans/austin-trip-from-st-charles-5582e5a5fac2e5960e000385,133
4 Days,Trip to Austin,https://www.triphobo.com/tripplans/austin-trip-from-san-francisco-55260f46fbc2e5d773000a08,132
13 Days,"Trip to Austin, Phoenix",https://www.triphobo.com/tripplans/austin-phoenix-trip-from-denver-55a20913dd2a9ee9460001b5,132
11 Days,"Trip to Austin, New Orleans, San Antonio, Houston, Columbus",https://www.triphobo.com/tripplans/united-states-itinerary-563eb57c8527a5572b0000bd,132
11 Days,"Trip to Austin, Dallas, New Orleans, San Antonio, Houston",https://www.triphobo.com/tripplans/united-states-itinerary-from-new-orleans-567fd2459bd33ef817000084,131
8 Days,"Trip to Austin, San Antonio, Houston",https://www.triphobo.com/tripplans/houston-san-antonio-austin-itinerary-from-dallas-56ad49498527a52f1f000691,131
5 Days,Trip to Austin,https://www.triphobo.com/tripplans/austin-trip-from-newark-54f0bf040c1d0af95a000394,130
18 Days,"Trip to Las Vegas, Austin, Dallas, Los Angeles, New York City, Houston, Yosemite National Park, Anaheim",https://www.triphobo.com/tripplans/united-states-itinerary-from-chennai-569e203469ab715659000fc3,128
6 Days,Trip to Austin,https://www.triphobo.com/tripplans/austin-trip-from-seattle-556006f5f9c2e5cb180014ab,127
5 Days,Trip to Austin,https://www.triphobo.com/tripplans/austin-trip-from-washington-d-c-54ede766f9c2e5bc4800010a,123
10 Days,Trip to Austin,https://www.triphobo.com/tripplans/austin/itinerary-from-philadelphia-56043ea08427a54c2000040b,116
2 Days,"Trip to Austin, Dallas",https://www.triphobo.com/tripplans/dallas-austin-trip-from-jacksonville-558ea24dfbc2e5eb0c0001d4,115
1 Day,Trip to Austin,https://www.triphobo.com/tripplans/austin-trip-plan-54f40aa9e705457a6d0003c0,112
8 Days,Trip to Fort Worth,https://www.triphobo.com/tripplans/fort-worth/itinerary-from-cedar-rapids-56aaf2b7bb69286f32000f1c,112
8 Days,"Trip to Austin, Dallas, San Antonio, Houston",https://www.triphobo.com/tripplans/united-states-itinerary-from-fair-lawn-56b5ffb28527a521060002f0,111
7 Days,"Trip to Austin, Chicago",https://www.triphobo.com/tripplans/austin-chicago-trip-from-chicago-55b68f541aa23c280a000153,110
9 Days,Trip to Austin,https://www.triphobo.com/tripplans/austin-trip-from-phoenix-558cfe21fac2e5e54c000127,109
50 Days,50 Day Trip to United States from Brisbane,https://www.triphobo.com/tripplans/united-states-itinerary-from-brisbane-574f90ca4e82314c510003c1,109
9 Days,"Trip to Austin, New Orleans, Chicago",https://www.triphobo.com/tripplans/chicago-austin-new-orleans-trip-from-buffalo-559b88adfac2e5977900063f,108
9 Days,Trip to Austin,https://www.triphobo.com/tripplans/austin-trip-from-anchorage-55dda9c46446cba66e000e21,105
6 Days,"Trip to Austin, Houston, New Orleans",https://www.triphobo.com/tripplans/austin-houston-new-orleans-itinerary-561e93413216f5f079000097,105
24 Days,"Trip to Austin, Tampa, Miami, Dallas, Fort Worth, Roanoke, Denver, Virginia Beach, Charlotte, Raleigh",https://www.triphobo.com/tripplans/united-states-itinerary-from-bend-56b9149f5acb70d738000387,105
9 Days,Trip to Austin,https://www.triphobo.com/tripplans/austin-trip-from-chicago-558d0ffcfac2e53b4c000275,103
6 Days,Trip to Austin,https://www.triphobo.com/tripplans/austin-trip-from-glenview-55dc8245a6e4d03408000ba8,102
4 Days,Trip to Austin,https://www.triphobo.com/tripplans/austin-trip-from-syracuse-553071d0fbc2e5af7d000c7d,100
11 Days,Trip to Austin,https://www.triphobo.com/tripplans/austin-trip-from-alhambra-55b8f25e1aa23c9d360004a3,99
2 Days,Trip to Austin,https://www.triphobo.com/tripplans/austin-trip-from-washington-d-c-55106094f9c2e55470000049,97
1 Day,Trip to Austin,https://www.triphobo.com/tripplans/austin-trip-from-chicago-5581744cfac2e50553000328,97
3 Days,"Trip to Austin, San Antonio",https://www.triphobo.com/tripplans/austin-san-antonio-trip-from-the-colony-55e3cabbcd2e07902d000147,97
2 Days,Trip to Austin,https://www.triphobo.com/tripplans/austin-trip-from-delhi-55273b5efbc2e5ab28000a97,96
11 Days,"Trip to Paris, Austin, London",https://www.triphobo.com/tripplans/paris-london-austin-trip-from-austin-55ba22f91aa23c9e54000024,96
8 Days,"Trip to Austin, Dallas, San Antonio, Houston",https://www.triphobo.com/tripplans/united-states-itinerary-from-fair-lawn-56b5ff1e764719867900025d,96
16 Days,"Trip to Austin, Atlanta, New Orleans, Houston, Memphis, Nashville, Gatlinburg, Little Rock",https://www.triphobo.com/tripplans/united-states-itinerary-from-dallas-56d1011e6ad56de97000022a,96
29 Days,"Trip to Baltimore, Austin, Washington D. C., New York City, Orlando, San Francisco, Boston, Memphis, Kapalua",https://www.triphobo.com/tripplans/united-states-itinerary-from-harlow-5686d3d3a6d46d1b6000033d,95
9 Days,Trip to Austin,https://www.triphobo.com/tripplans/austin-trip-from-miami-559be655fac2e569380006bb,93
7 Days,Trip to Austin,https://www.triphobo.com/tripplans/austin-trip-from-liberty-555d2cacfac2e58d6100033e,91
6 Days,Trip to Austin,https://www.triphobo.com/tripplans/austin-trip-plan-558ca398fac2e5a025000c6c,91
10 Days,"Trip to Austin, New Orleans, San Antonio, Houston",https://www.triphobo.com/tripplans/united-states-itinerary-from-boston-566f1dcf8527a59334000102,90
4 Days,Trip to Austin,https://www.triphobo.com/tripplans/austin-trip-from-dallas-55df7ae1a5e4d075420007ef,88
9 Days,Trip to Austin,https://www.triphobo.com/tripplans/austin-trip-from-miami-559be680fbc2e5a0250005dc,87
2 Days,Trip to Austin,https://www.triphobo.com/tripplans/austin-trip-plan-55a90adaef616eda230005a3,87
3 Days,Trip to Austin,https://www.triphobo.com/tripplans/austin-trip-plan-55db30096446cb514c000598,87
2 Days,Trip to Austin,https://www.triphobo.com/tripplans/austin-trip-plan-55defbaa900670dc39001706,87
7 Days,Trip to Houston,https://www.triphobo.com/tripplans/houston/itinerary-from-saddle-brook-56b3b2498427a51c7500041a,87
2 Days,Trip to Austin,https://www.triphobo.com/tripplans/austin-trip-from-houston-5586ca37fbc2e5421c000338,86
5 Days,"Trip to Austin, San Antonio",https://www.triphobo.com/tripplans/san-antonio-austin-itinerary-from-grand-rapids-56786e6b85e482ec4c0009d1,86
9 Days,Trip to Austin,https://www.triphobo.com/tripplans/austin-trip-from-houston-55ed4b202a2e07846500034a,82
28 Days,"28 Day Trip to Austin, Washington D. C., Philadelphia, New York City, Boston from New York City",https://www.triphobo.com/tripplans/united-states-itinerary-from-new-york-city-5753faad4e82312a1f000804,81
5 Days,"Trip to Austin, San Antonio, Wichita, Oklahoma City",https://www.triphobo.com/tripplans/united-states-itinerary-from-sioux-city-563e3b0b8427a5c84d0000a6,80
9 Days,Trip to Austin,https://www.triphobo.com/tripplans/austin/itinerary-from-dequincy-567cb90e85e4823c5f0004d0,80
8 Days,"Trip to Austin, New Orleans, San Antonio",https://www.triphobo.com/tripplans/new-orleans-austin-san-antonio-itinerary-from-philadelphia-5629a6f99bd33ec75500084a,79
2 Days,Trip to Austin,https://www.triphobo.com/tripplans/austin-trip-plan-55b6aa9b19a23c2109000232,78
7 Days,"Trip to Austin, Dallas, Houston",https://www.triphobo.com/tripplans/austin-dallas-houston-itinerary-from-boston-5688624aa6d46d4e65000175,77
17 Days,"Trip to Las Vegas, Austin, Miami, Washington D. C., Seattle, Los Angeles, New York City, Orlando, San Francisco, Chicago",https://www.triphobo.com/tripplans/united-states-itinerary-from-chennai-575906c64e823182010005ca,77
3 Days,Trip to Austin,https://www.triphobo.com/tripplans/austin-trip-from-houston-55aae355f3a73d4f4f00083e,76
3 Days,Trip to Austin,https://www.triphobo.com/tripplans/austin-trip-plan-55e9ca90c4796feb700002a7,74
4 Days,Trip to Austin,https://www.triphobo.com/tripplans/austin-trip-from-philadelphia-553db7e8f9c2e5b23700045b,73
6 Days,Trip to Austin,https://www.triphobo.com/tripplans/austin-trip-from-gable-55cf2d70cd2e07e605000dec,72
28 Days,"28 Day Trip to Austin, Washington D. C., Philadelphia, New York City, Boston from New York City",https://www.triphobo.com/tripplans/united-states-itinerary-from-new-york-city-575408dc8427a51663000186,71
1 Day,Trip to Austin,https://www.triphobo.com/tripplans/austin-trip-plan-55ce2340a6e4d0ad460001a7,70
5 Days,Trip to Austin,https://www.triphobo.com/tripplans/austin-trip-from-sandy-55ce442a00fc94512e000200,70
12 Days,"Trip to Las Vegas, Austin, Lake Powell, Grand Canyon National Park, Bryce Canyon National Park",https://www.triphobo.com/tripplans/united-states-itinerary-from-chicago-56a59429914719b33a000555,70
2 Days,Trip to Austin,https://www.triphobo.com/tripplans/austin-trip-plan-558c61ccf9c2e50f120008ff,68
3 Days,Trip to Austin,https://www.triphobo.com/tripplans/austin-trip-plan-559bde74fbc2e595250004da,67
3 Days,Trip to Austin,https://www.triphobo.com/tripplans/austin-trip-from-frisco-55ba3e39531f71200c001279,67
5 Days,Trip to Austin,https://www.triphobo.com/tripplans/austin-trip-plan-558c780dfbc2e54f0a0009a0,66
5 Days,"Trip to The Woodhouse Day Spa - Columbus, OH",https://www.triphobo.com/tripplans/the-woodhouse-day-spa-columbus-oh-trip-from-kent-55ecdd7639163cfd6f000244,66
3 Days,Trip to Austin,https://www.triphobo.com/tripplans/austin/itinerary-55f7331d8527a5d76100019b,66
2 Days,Trip to Austin,https://www.triphobo.com/tripplans/austin/itinerary-56a590f0ba69281e2c000001,66
5 Days,"Trip to Austin, San Antonio, South Padre Island",https://www.triphobo.com/tripplans/san-antonio-austin-south-padre-island-itinerary-56a8df8e9047197922000300,66
2 Days,Trip to Austin,https://www.triphobo.com/tripplans/austin-trip-from-oakland-5520664efbc2e5883500081e,65
2 Days,Trip to Austin,https://www.triphobo.com/tripplans/austin-trip-from-new-york-city-55784c1efbc2e5915c000bc9,65
4 Days,Trip to Austin,https://www.triphobo.com/tripplans/austin-trip-plan-558c8a6ffbc2e5530a000a26,63
2 Days,Trip to Austin,https://www.triphobo.com/tripplans/austin-trip-plan-55be97e8f3a73d7429000108,63
9 Days,Trip to Austin,https://www.triphobo.com/tripplans/austin-trip-from-chantilly-55de693fa5e4d02e05000b2b,63
9 Days,Trip to Austin,https://www.triphobo.com/tripplans/austin/itinerary-from-louisville-56aeaaa9754719e733000489,63
1 Day,Trip to Austin,https://www.triphobo.com/tripplans/austin-trip-from-waco-5550e4a8fbc2e5d22600027e,62
4 Days,Trip to Austin,https://www.triphobo.com/tripplans/austin-trip-plan-55dc7d5800fc9414680002ab,62
7 Days,"8 Day Trip to Austin, San Antonio, Houston from Miami",https://www.triphobo.com/tripplans/houston-austin-san-antonio-itinerary-from-miami-5790f0364e82312351000000,62
2 Days,Trip to Austin,https://www.triphobo.com/tripplans/austin-trip-plan-559c7e60f9c2e5714e00035e,61
2 Days,Trip to Austin,https://www.triphobo.com/tripplans/austin-trip-plan-55dc7fc0900670d839000bc7,61
4 Days,"Trip to Austin, San Antonio",https://www.triphobo.com/tripplans/austin-san-antonio-itinerary-56243586bb6928e97200021d,61
2 Days,Trip to Austin,https://www.triphobo.com/tripplans/austin-trip-plan-559f2532de2a9e355400006d,60
1 Day, swag trip,https://www.triphobo.com/tripplans/austin-trip-plan-55e386bda5e4d0a9340000e9,60
28 Days,28 Day Trip to United States from New York City,https://www.triphobo.com/tripplans/united-states-itinerary-from-new-york-city-570a45314e8231da15000e77,60
32 Days,32 Day Trip to United States from Peoria,https://www.triphobo.com/tripplans/united-states-itinerary-from-peoria-5713d7014e82316a29000e14,60
3 Days,Trip to Austin,https://www.triphobo.com/tripplans/austin/itinerary-from-sheridan-560bf30b8527a5bc4f000149,59
1 Day,Trip to Austin,https://www.triphobo.com/tripplans/austin-trip-from-portland-559cefa6fac2e5e96d00001f,58
4 Days,Trip to Austin,https://www.triphobo.com/tripplans/austin-trip-from-celina-55ddc22ecd2e07860d00090d,58
2 Days,Trip to Austin,https://www.triphobo.com/tripplans/austin-trip-from-mansfield-55f0a400741f71700f000000,58
12 Days,"Trip to Austin, San Antonio, Houston, Galveston",https://www.triphobo.com/tripplans/united-states-itinerary-from-dallas-56d0661c69d56d104d0007e7,58
3 Days,"Trip to Austin, Houston, Bath",https://www.triphobo.com/tripplans/houston-bath-austin-trip-from-phnom-penh-55900c4af9c2e50f56000399,57
4 Days,Trip to Austin,https://www.triphobo.com/tripplans/austin-trip-from-bozeman-55b2b13a00fc94b23a0013d6,57
2 Days,Trip to Austin,https://www.triphobo.com/tripplans/austin-trip-plan-55b7048c521f710f0d0003a0,57
2 Days,Trip to Austin,https://www.triphobo.com/tripplans/austin-trip-from-fort-worth-55e065a1f3a73d9958000060,57
7 Days,"8 Day Trip to Austin, San Antonio, Houston from Miami",https://www.triphobo.com/tripplans/houston-austin-san-antonio-itinerary-from-miami-577eea6a4e82318f2c000b89,56
9 Days,Trip to Austin,https://www.triphobo.com/tripplans/austin/itinerary-from-brentwood-56ba368d764719685d0008ee,55
11 Days,"11 Day Trip to Austin, Washington D. C., Philadelphia, Boston from New York City",https://www.triphobo.com/tripplans/united-states-itinerary-from-new-york-city-5753efd84e823118260006c4,55
4 Days,"4 Day Trip to Austin, New Braunfels from Dallas",https://www.triphobo.com/tripplans/austin-new-braunfels-itinerary-from-dallas-576a99c64e8231be520001f6,55
8 Days,"8 Day Trip to Austin, San Antonio, Houston from Miami",https://www.triphobo.com/tripplans/houston-austin-san-antonio-itinerary-from-miami-577ef8674e82319c530008ba,55
2 Days,Trip to Austin,https://www.triphobo.com/tripplans/austin-trip-from-bangalore-554cf5c5f9c2e5d72500010c,54
2 Days,Trip to Austin,https://www.triphobo.com/tripplans/austin/itinerary-569859409bd33e83160004d7,54
6 Days,Trip to Austin,https://www.triphobo.com/tripplans/austin/itinerary-56aa3ac18e4719da780004a5,54
6 Days,Trip to Austin,https://www.triphobo.com/tripplans/austin/itinerary-from-livonia-56b185fe5acb70ff25000178,54
6 Days,"Trip to Austin, San Antonio, Houston, South Padre Island",https://www.triphobo.com/tripplans/united-states-itinerary-from-newark-56b9f7a2dd853aa025000743,54
5 Days,"Trip to Austin, Dallas, San Antonio, Fort Worth, Waco",https://www.triphobo.com/tripplans/united-states-itinerary-from-corpus-christi-56bdffed8427a53b4000042b,54
3 Days,3 Day Trip to Austin,https://www.triphobo.com/tripplans/austin/itinerary-from-austin-570a9e314e8231361900186d,54
22 Days,"Trip to Las Vegas, Austin, Salt Lake City, San Diego, Dallas, Los Angeles, San Francisco, Houston, Santa Fe, Las Cruces",https://www.triphobo.com/tripplans/united-states-itinerary-from-osmaniye-5794c6c48427a5420700085b,54
1 Day,Trip to Austin,https://www.triphobo.com/tripplans/austin-trip-from-boston-558d92f8fbc2e5f710000064,53
3 Days,"Trip to Austin, San Antonio",https://www.triphobo.com/tripplans/austin-san-antonio-trip-from-san-antonio-55d7482bf3a73d2e530009e7,53
7 Days,Trip to Austin,https://www.triphobo.com/tripplans/austin-trip-from-katy-55dcb682cd2e07a17a0002b1,53
2 Days,Trip to Austin,https://www.triphobo.com/tripplans/austin-trip-plan-55e32bdcf3a73dda0900024b,53
6 Days,"Trip to Austin, San Antonio, Galveston",https://www.triphobo.com/tripplans/galveston-austin-san-antonio-itinerary-561da1b1bb69288840000a85,53
6 Days,Trip to Fort Worth,https://www.triphobo.com/tripplans/fort-worth/itinerary-56c25814c8ed6e150f0017e0,53
4 Days,Trip to Austin,https://www.triphobo.com/tripplans/austin-trip-from-austin-559d4353fbc2e57b050001f8,52
4 Days,Trip to Austin,https://www.triphobo.com/tripplans/austin/itinerary-56b1005e904719c513000a41,52
19 Days,"19 Day Trip to Austin, Atlanta, New Orleans, Houston, Charleston, Statesboro, Galveston from New York City",https://www.triphobo.com/tripplans/united-states-itinerary-from-new-york-city-574318944e82319571000597,52
2 Days,Trip to Austin,https://www.triphobo.com/tripplans/austin-trip-from-greensboro-558c42adf9c2e50512000607,51
2 Days,Trip to Austin,https://www.triphobo.com/tripplans/austin-trip-plan-558c6358fac2e5ae2500094f,51
3 Days,Trip to Austin,https://www.triphobo.com/tripplans/austin-trip-from-shreveport-559b433ffac2e5937800022f,51
4 Days,Trip to Austin,https://www.triphobo.com/tripplans/austin-trip-plan-55f6351e9047198967000333,51
10 Days,"10 Day Trip to Austin, New Orleans, San Antonio, Galveston from Humble",https://www.triphobo.com/tripplans/united-states-itinerary-from-humble-572835ab4e8231632b000312,51
2 Days,Trip to Austin,https://www.triphobo.com/tripplans/austin-trip-plan-55ce351ccd2e07ac290005a6,50
2 Days,Trip to Austin,https://www.triphobo.com/tripplans/austin-trip-plan-55dcb6bfa6e4d05e08000d2e,50
2 Days,Trip to Austin,https://www.triphobo.com/tripplans/austin/itinerary-from-belleville-5621b3dd8527a5644b0001dd,50
22 Days,"Trip to Austin, Dallas, Fort Worth, Houston, Galveston",https://www.triphobo.com/tripplans/united-states-itinerary-569d7e73a6d46d572c00021f,50
2 Days,Trip to Austin,https://www.triphobo.com/tripplans/austin-trip-from-atlanta-559d9348fbc2e5014700001a,49
22 Days,"Trip to Austin, Miami, New York City, Nashville, Orillia, Daytona Beach, Grand Canyon National Park",https://www.triphobo.com/tripplans/united-states-canada-itinerary-from-temiskaming-shores-56b3e83d8f4719eb2e00032d,49
3 Days,Trip to Austin,https://www.triphobo.com/tripplans/austin/itinerary-from-venus-56ba508e8427a56b38000712,49
8 Days,"Trip to Austin, San Diego, New Orleans",https://www.triphobo.com/tripplans/new-orleans-austin-san-diego-itinerary-from-charlotte-56bbede0904719f97c000633,49
6 Days,"6 Day Trip to Las Vegas, Austin from West Valley City",https://www.triphobo.com/tripplans/austin-las-vegas-itinerary-from-west-valley-city-574e659e4e82314f08000511,49
1 Day,Trip to Austin,https://www.triphobo.com/tripplans/austin-trip-plan-55b5f118ef616e12770007dc,48
8 Days,Trip to Austin,https://www.triphobo.com/tripplans/austin/itinerary-from-lubbock-562410118427a59d45000882,48
14 Days,"Trip to Austin, San Antonio, Houston, Arlington, Waco",https://www.triphobo.com/tripplans/united-states-itinerary-from-dallas-56c47ce68527a59f37000509,48
1 Day,Trip to Austin,https://www.triphobo.com/tripplans/austin/itinerary-56c7d7a38527a5c2460004f7,48
15 Days,"Trip to Austin, Dallas, San Antonio, Fort Worth, Houston, Galveston",https://www.triphobo.com/tripplans/united-states-itinerary-from-tulsa-56f0c2dc8427a5bf3800045d,48
7 Days,Trip to Austin,https://www.triphobo.com/tripplans/austin-trip-from-boston-55cbc63cf3a73db4050001f4,47
2 Days,Trip to Austin,https://www.triphobo.com/tripplans/austin-trip-from-jarrell-55ce2ed100fc94332e00010a,47
2 Days,Trip to Austin,https://www.triphobo.com/tripplans/austin-trip-from-new-york-city-55f32476db69283706000274,47
5 Days,Trip to Austin,https://www.triphobo.com/tripplans/austin/itinerary-from-westfield-56a7e1bfb86928b867000b3b,47
4 Days,"Trip to Austin, Killeen",https://www.triphobo.com/tripplans/killeen-austin-trip-from-jersey-city-55db1d8ea5e4d0363900059c,46
11 Days,"Trip to Austin, Houston",https://www.triphobo.com/tripplans/houston-austin-trip-from-dallas-55dba3d5a5e4d059390007ad,46
9 Days,Trip to Austin,https://www.triphobo.com/tripplans/austin-trip-from-houston-55ed8fe7c4796f3f66000559,46
3 Days,"Trip to Austin, Washington D. C.",https://www.triphobo.com/tripplans/washington-d-c-austin-itinerary-from-austin-569d61f98427a5423d00007d,46
3 Days,"Trip to Austin, Dallas",https://www.triphobo.com/tripplans/austin-dallas-itinerary-from-tustin-56c4acbdb3c4721c06000000,46
16 Days,"16 Day Trip to Austin, Dallas, New Orleans, Fort Worth, Houston, Big Bend National Park from Boca Raton",https://www.triphobo.com/tripplans/united-states-itinerary-from-boca-raton-572115f04e8231bc64001302,46
2 Days,Trip to Austin,https://www.triphobo.com/tripplans/austin-trip-plan-55d748afa6e4d0b010000a57,45
2 Days,"Trip to Austin, Monroe",https://www.triphobo.com/tripplans/monroe-austin-itinerary-from-atlanta-569ce6b069ab71f9110011b8,45
3 Days,Trip to Austin,https://www.triphobo.com/tripplans/austin/itinerary-from-sanger-56aa2b227647197363000d8e,45
30 Days,"Trip to Austin, New York City, San Francisco",https://www.triphobo.com/tripplans/new-york-city-austin-san-francisco-itinerary-from-bangalore-56c367635acb70c879000509,45
5 Days,Trip to Austin,https://www.triphobo.com/tripplans/austin-trip-from-brownsville-559444bdf9c2e51e150006c4,44
2 Days,Trip to Austin,https://www.triphobo.com/tripplans/austin-trip-plan-559b0860fac2e5ab1d000914,44
3 Days,Trip to Austin,https://www.triphobo.com/tripplans/austin-trip-from-washington-d-c-55beb224531f71160500051f,44
1 Day,Trip to Austin,https://www.triphobo.com/tripplans/austin-trip-plan-55db37c1f3a73d63560001d9,44
7 Days,Trip to Austin,https://www.triphobo.com/tripplans/austin-trip-from-lynchburg-55ee4069c4796ff84d000000,44
8 Days,Trip to Austin,https://www.triphobo.com/tripplans/austin/itinerary-from-dubai-56360654972e3dd50c0001aa,44
4 Days,Trip to Austin,https://www.triphobo.com/tripplans/austin/itinerary-56a3d1e48427a5202b000082,44
68 Days,"68 Day Trip to Argentina, Brazil, United States, Mexico, Chile, Colombia, Peru from London",https://www.triphobo.com/tripplans/south-america-north-america-itinerary-from-london-57ade86d4e8231ba1d0000da,44
4 Days,Trip to Austin,https://www.triphobo.com/tripplans/austin-trip-from-new-orleans-55918b03f9c2e5b05f000019,43
2 Days,Trip to Austin,https://www.triphobo.com/tripplans/austin-trip-from-glenview-55dc855ff3a73df6770001e9,43
4 Days,Trip to Austin,https://www.triphobo.com/tripplans/austin/itinerary-from-wichita-56a916a35acb704d160002f9,43
4 Days,Trip to Austin,https://www.triphobo.com/tripplans/austin/itinerary-from-houston-56c3a5a6914719e25d00155e,43
4 Days,Trip to Austin,https://www.triphobo.com/tripplans/austin/itinerary-from-dallas-56fe007a25616e5078000681,43
27 Days,27 Day Trip to United States from Oxford,https://www.triphobo.com/tripplans/united-states-itinerary-from-oxford-57b0bdcc4e8231b369000053,43
6 Days,Trip to Austin,https://www.triphobo.com/tripplans/austin-trip-from-new-orleans-55baeb28521f71c351000266,42
1 Day,Trip to Austin,https://www.triphobo.com/tripplans/austin-trip-plan-55c435fe1aa23cb21400036a,42
3 Days,Trip to Austin,https://www.triphobo.com/tripplans/austin-trip-plan-55d5267cf3a73dcb4a000261,42
1 Day,Trip to Austin,https://www.triphobo.com/tripplans/austin/itinerary-from-austin-56384fd68427a5bc3d0001bf,42
28 Days,28 Day Trip to United States from Cleveland,https://www.triphobo.com/tripplans/united-states-itinerary-from-cleveland-57488de64e823139420006f9,42
10 Days,"10 Day Trip to Austin, San Antonio, Houston, Galveston from Newark",https://www.triphobo.com/tripplans/united-states-itinerary-from-newark-574dec0a4e8231081a000020,42
1 Day,Trip to Austin,https://www.triphobo.com/tripplans/austin-trip-from-milwaukee-55909b83fac2e5fc4b000111,41
2 Days,Trip to Austin,https://www.triphobo.com/tripplans/austin-trip-plan-559af385f9c2e58f4e000840,41
6 Days,Trip to Rome,https://www.triphobo.com/tripplans/rome-trip-from-tel-aviv-55a249aff9c2e5c8010000b3,41
6 Days,Trip to Austin,https://www.triphobo.com/tripplans/austin-trip-from-new-orleans-55baeb1e19a23c8541000ae2,41
1 Day,Trip to Austin,https://www.triphobo.com/tripplans/austin/itinerary-from-miami-561307dc8527a5897700013d,41
1 Day,Trip to Austin,https://www.triphobo.com/tripplans/austin/itinerary-from-severn-564b79388a46cbec05000d37,41
9 Days,Trip to Austin,https://www.triphobo.com/tripplans/austin/itinerary-from-new-orleans-565330039b9e4c3006000037,41
3 Days,Trip to Austin,https://www.triphobo.com/tripplans/austin/itinerary-from-chicago-5674eac19bd33e2478000122,41
5 Days,Trip to Austin,https://www.triphobo.com/tripplans/austin-trip-from-washington-d-c-55b6e3c41aa23c630e0002cf,40
7 Days,Trip to Austin,https://www.triphobo.com/tripplans/austin-trip-from-milwaukee-55c8d666f3a73d47050000d3,40
8 Days,Trip to Austin,https://www.triphobo.com/tripplans/austin/itinerary-from-rio-vista-560202ff904719c044000783,40
9 Days,Trip to Austin,https://www.triphobo.com/tripplans/austin/itinerary-from-bangalore-560f946386ccbe3364000130,40
3 Days,Trip to Austin,https://www.triphobo.com/tripplans/austin/itinerary-from-boston-562a3b558527a555180000d1,40
3 Days,Trip to Roswell,https://www.triphobo.com/tripplans/roswell/itinerary-from-odessa-56c771e18427a52b16000177,40
6 Days,"Trip to Austin, San Antonio, Big Bend National Park",https://www.triphobo.com/tripplans/austin-san-antonio-big-bend-national-park-itinerary-from-austin-56f7254a8527a5e730000b60,40
1 Day,Trip to Austin,https://www.triphobo.com/tripplans/austin/itinerary-562205fe3216f5af6f0006cc,39
5 Days,"Trip to Albuquerque, Austin, San Diego, Sedona",https://www.triphobo.com/tripplans/united-states-itinerary-from-pensacola-5637f41f3216f5e75c000c83,39
9 Days,Trip to Austin,https://www.triphobo.com/tripplans/austin/itinerary-from-waterloo-563e63dc9bd33e394a000a44,39
4 Days,Trip to Austin,https://www.triphobo.com/tripplans/austin/itinerary-from-carrollton-567497e085e4820377000230,39
14 Days,"Trip to Austin, San Antonio, Houston, Galveston",https://www.triphobo.com/tripplans/united-states-itinerary-from-bangkok-569f2d3c9bd33e265500038f,39
3 Days,"Trip to Austin, San Antonio",https://www.triphobo.com/tripplans/san-antonio-austin-trip-from-austin-559803dcf9c2e55940000405,38
9 Days,"Trip to Venice, Austin, Zurich, Amsterdam",https://www.triphobo.com/tripplans/europe-north-america-trip-from-mumbai-55aa228aef616e7b330003e5,38
4 Days,"Trip to Austin, Dallas",https://www.triphobo.com/tripplans/dallas-austin-itinerary-from-wichita-55fdcb53ed796f2c3c0005c6,38
2 Days,Trip to Austin,https://www.triphobo.com/tripplans/austin/itinerary-from-new-york-city-561f82f33216f5a07e000141,38
1 Day,Trip to Austin,https://www.triphobo.com/tripplans/austin/itinerary-56385f535d31b91a38000226,38
1 Day,Trip to Austin,https://www.triphobo.com/tripplans/austin/itinerary-from-beverly-hills-5656899f9bd33e304a0004e9,38
15 Days,"Trip to Austin, New Orleans, San Antonio, Galveston",https://www.triphobo.com/tripplans/united-states-itinerary-from-trenton-569d210c69ab71ed31000478,38
9 Days,"Trip to Austin, San Antonio, Houston",https://www.triphobo.com/tripplans/san-antonio-austin-houston-itinerary-from-chicago-569d69eaa6d46d172c0000d8,38
10 Days,"Trip to Austin, San Antonio, Houston, South Padre Island",https://www.triphobo.com/tripplans/united-states-itinerary-from-newark-56b9f7197647191505000779,38
6 Days,"Trip to Austin, Galveston",https://www.triphobo.com/tripplans/austin-galveston-itinerary-from-shreveport-56c14a028527a54b1e000108,38
8 Days,"8 Day Trip to Austin, Dallas, Denver from Charleston",https://www.triphobo.com/tripplans/dallas-austin-denver-itinerary-from-charleston-5754d7e38427a5c40a000072,38
8 Days,"8 Day Trip to Austin, San Antonio, Houston from Philadelphia",https://www.triphobo.com/tripplans/houston-austin-san-antonio-itinerary-from-philadelphia-5793f5b94e8231d00b000c80,38
2 Days,Trip to Austin,https://www.triphobo.com/tripplans/austin-trip-from-portland-55ce2d7aa5e4d0e30500095e,37
2 Days,Trip to Austin,https://www.triphobo.com/tripplans/austin-trip-plan-55d57c5c00fc947841000511,37
3 Days,Trip to Austin,https://www.triphobo.com/tripplans/austin/itinerary-from-little-rock-5609e011bd45cb9472000f66,37
24 Days,"Trip to Austin, London, New York City",https://www.triphobo.com/tripplans/new-york-city-london-austin-itinerary-from-niles-5671ada1fefb94590600000a,37
4 Days,"Trip to Austin, San Antonio",https://www.triphobo.com/tripplans/san-antonio-austin-itinerary-from-new-york-city-568eef898527a5186600060a,37
1 Day,Trip to Austin,https://www.triphobo.com/tripplans/austin/itinerary-from-houston-56b044298527a52912000035,37
3 Days,Trip to Austin,https://www.triphobo.com/tripplans/austin/itinerary-56b102c2dd853a87150004c7,37
4 Days,"Trip to Austin, San Antonio, Round Rock, Waco",https://www.triphobo.com/tripplans/united-states-itinerary-from-dallas-56f2db7e83fc94677b000782,37
21 Days,40th Trip ,https://www.triphobo.com/tripplans/united-states-itinerary-from-brisbane-city-57c4a55f4e8231a10400000b,37
6 Days,Trip to San Antonio,https://www.triphobo.com/tripplans/san-antonio-trip-from-raleigh-55ca8aae9bb25edb0c000127,36
1 Day,Trip to Austin,https://www.triphobo.com/tripplans/austin-trip-from-tucson-55d2596500fc94cf6d0004f8,36
2 Days,Trip to Austin,https://www.triphobo.com/tripplans/austin-trip-from-dallas-55dca5b000fc945c4b00086a,36
4 Days,Trip to Austin,https://www.triphobo.com/tripplans/austin/itinerary-from-new-york-city-5609d0b34e7a6f86460011a3,36
2 Days,Trip to Austin,https://www.triphobo.com/tripplans/austin/itinerary-from-plano-560c98928427a55c49000ceb,36
2 Days,Trip to Austin,https://www.triphobo.com/tripplans/austin/itinerary-from-waco-561597408527a561770017fe,36
4 Days,Trip to Austin,https://www.triphobo.com/tripplans/austin/itinerary-5617cd20bb69280d0e000883,36
2 Days,Trip to Austin,https://www.triphobo.com/tripplans/austin/itinerary-5623a8138527a5625400057f,36
1 Day,Trip to Austin,https://www.triphobo.com/tripplans/austin/itinerary-from-boston-564c00789bd33ebb73001019,36
3 Days,Trip to Austin,https://www.triphobo.com/tripplans/austin/itinerary-from-vancouver-56564b039bd33e56280012d1,36
6 Days,Trip to Austin,https://www.triphobo.com/tripplans/austin/itinerary-from-greenville-568ca6cb85e482ee200001c5,36
5 Days,Trip to Austin,https://www.triphobo.com/tripplans/austin/itinerary-from-hartford-56bcc63a904719e40e0005eb,36
12 Days,"12 Day Trip to Austin, Dallas, Fort Worth, Houston, Galveston from Kigali",https://www.triphobo.com/tripplans/united-states-itinerary-from-kigali-57ab42e74e8231856a000c92,36
1 Day,Trip to Austin,https://www.triphobo.com/tripplans/austin-trip-from-alice-55dd0cc5cd2e07840d0000ab,35
2 Days,Trip to Austin,https://www.triphobo.com/tripplans/austin/itinerary-5633caff8527a5db220009c3,35
5 Days,Trip to Austin,https://www.triphobo.com/tripplans/austin/itinerary-565e1281a6d46d2c4d000e97,35
2 Days,Trip to Austin,https://www.triphobo.com/tripplans/austin/itinerary-from-salem-5672f945a6d46df25100173f,35
4 Days,4 Day Trip to Austin,https://www.triphobo.com/tripplans/austin/itinerary-from-austin-57752bb94e8231f61b000081,35
7 Days,Trip to Austin,https://www.triphobo.com/tripplans/austin-trip-from-kaunakakai-55bd168419a23cf45b000b6f,34
2 Days,Trip to Austin,https://www.triphobo.com/tripplans/austin-trip-from-hot-springs-55d28c1ba5e4d0204d000367,34
7 Days,Trip to Austin,https://www.triphobo.com/tripplans/austin-trip-from-gainesville-55dc87b4a5e4d06c050001dd,34
3 Days,"Trip to Rome, Austin",https://www.triphobo.com/tripplans/rome-austin-itinerary-5613ef2686ccbe23780007d4,34
18 Days,"Trip to Austin, Yellowstone National Park",https://www.triphobo.com/tripplans/austin-yellowstone-national-park-itinerary-from-cincinnati-564c740f85e482ce060004e8,34
34 Days,"Trip to Austin, New York City, San Francisco, Buffalo, Santa Monica",https://www.triphobo.com/tripplans/united-states-itinerary-from-kuwait-city-5665e73d8527a5c9230003bd,34
3 Days,"Trip to Austin, San Antonio, San Marcos",https://www.triphobo.com/tripplans/austin-san-marcos-san-antonio-itinerary-from-dallas-5698027f9bd33e8521000084,34
32 Days,"Trip to Montreal, Austin, Philadelphia, New Orleans, Seattle, Los Angeles, Houston",https://www.triphobo.com/tripplans/united-states-canada-itinerary-from-melbourne-56c82c778e4719d1070000b0,34
3 Days,3 Day Trip to Austin from Albany,https://www.triphobo.com/tripplans/austin/itinerary-from-albany-5707ba2e4e8231df06002430,34
3 Days,3 Day Trip to Austin from Philadelphia,https://www.triphobo.com/tripplans/austin/itinerary-from-philadelphia-577bd9814e82311761000191,34
14 Days,"14 Day Trip to Austin, New Orleans, Chicago, Nashville, Denver from Bonita Springs",https://www.triphobo.com/tripplans/united-states-itinerary-from-bonita-springs-57bbb9c74e82318f330003f6,34
1 Day,Trip to Austin,https://www.triphobo.com/tripplans/austin-trip-from-virginia-beach-5589e058fac2e5f73000093b,33
4 Days,Trip to Austin,https://www.triphobo.com/tripplans/austin/itinerary-from-college-station-5600c5fc744719a705000003,33
3 Days,Trip to Austin,https://www.triphobo.com/tripplans/austin/itinerary-from-dallas-5603162549d56d3f06000168,33
8 Days,Trip to Austin,https://www.triphobo.com/tripplans/austin/itinerary-5609c8bc8bd56d7533001074,33
2 Days,Trip to Austin,https://www.triphobo.com/tripplans/austin/itinerary-561430ff86ccbefc770009ac,33
9 Days,Trip to Austin,https://www.triphobo.com/tripplans/austin/itinerary-from-hokah-5622ed173216f5c82f00085e,33
25 Days,"Trip to Las Vegas, Austin, Minneapolis, Denver",https://www.triphobo.com/tripplans/united-states-itinerary-565b821785e482ad5b0003f7,33
3 Days,Trip to Austin,https://www.triphobo.com/tripplans/austin/itinerary-from-san-francisco-565dca7b8527a5307b000203,33
1 Day,Trip to Austin,https://www.triphobo.com/tripplans/austin/itinerary-from-burnsville-5676123f85e482d12c00032e,33
3 Days,Trip to Austin,https://www.triphobo.com/tripplans/austin/itinerary-from-frisco-56951e418c16f5f60e0000da,33
3 Days,3 Day Trip to Austin from Dallas,https://www.triphobo.com/tripplans/austin/itinerary-from-dallas-5745fcb54e82312f0200034c,33
17 Days,"17 Day Trip to Austin, San Juan from Fallston",https://www.triphobo.com/tripplans/san-juan-austin-itinerary-from-fallston-5793d8148427a58b31001246,33
3 Days,Trip to Austin,https://www.triphobo.com/tripplans/austin-trip-from-fort-worth-55931edef9c2e5955500074a,32
1 Day,Trip to Austin,https://www.triphobo.com/tripplans/austin-trip-plan-55f0f416f3a73de06c000464,32
7 Days,Trip to Austin,https://www.triphobo.com/tripplans/austin/itinerary-from-cullman-55f80f4bec796f566400062e,32
2 Days,Trip to Austin,https://www.triphobo.com/tripplans/austin/itinerary-560ff0acbb6928a5140001cb,32
1 Day,Trip to Austin,https://www.triphobo.com/tripplans/austin/itinerary-from-new-york-city-56112c678527a575670000b1,32
1 Day,Trip to Austin,https://www.triphobo.com/tripplans/austin/itinerary-from-hutto-5624d1a1bb6928d0630001d0,32
2 Days,Trip to Austin,https://www.triphobo.com/tripplans/austin/itinerary-562d3bbf3216f5fe420001d7,32
2 Days,"Trip to Austin, New York City",https://www.triphobo.com/tripplans/austin-new-york-city-itinerary-from-mumbai-569486666c16f52006000020,32
6 Days,Trip to Austin,https://www.triphobo.com/tripplans/austin/itinerary-56a688f1c8ed6eae31000af7,32
14 Days,"14 Day Trip to Austin, Washington D. C., New Orleans, Santa Fe, Asheville, Sedona, Chattanooga from Troy",https://www.triphobo.com/tripplans/united-states-itinerary-from-troy-572624c84e8231156100105d,32
2 Days,Trip to Austin,https://www.triphobo.com/tripplans/austin-trip-from-saint-louis-55caf4c4f3a73d6a35000259,31
5 Days,Trip to Austin,https://www.triphobo.com/tripplans/austin/itinerary-from-hemlock-562c0c018427a5f61e000f52,31
2 Days,Trip to Austin,https://www.triphobo.com/tripplans/austin/itinerary-564489fa8427a5080600084f,31
2 Days,Trip to Austin,https://www.triphobo.com/tripplans/austin/itinerary-from-fort-worth-5659c7aa85e482bd6f0000f1,31
2 Days,Trip to Austin,https://www.triphobo.com/tripplans/austin/itinerary-565cce0e85e482a301000d09,31
5 Days,Trip to Austin,https://www.triphobo.com/tripplans/austin/itinerary-from-philadelphia-56e76ee768d56d2516000594,31
8 Days,8 days Trip to Austin from Frankfurt,https://www.triphobo.com/tripplans/austin/itinerary-from-frankfurt-57a5c7ab8427a53408000cce,31
1 Day,3 Day Trip to Austin,https://www.triphobo.com/tripplans/austin/itinerary-from-austin-57aec8b44e8231de29000109,31
3 Days,3 Day Trip to Austin from Humble,https://www.triphobo.com/tripplans/austin/itinerary-from-humble-57db491d4e82315e490013ed,31
4 Days,Trip to Austin,https://www.triphobo.com/tripplans/austin-trip-from-minneapolis-55a71c954515a75f0500031e,30
1 Day,Trip to Austin,https://www.triphobo.com/tripplans/austin-trip-from-new-orleans-55ce2d12a5e4d0b705000a9b,30
5 Days,Trip to Austin,https://www.triphobo.com/tripplans/austin-trip-from-pittsburgh-55da83ab900670bf390004c0,30
8 Days,Trip to Austin,https://www.triphobo.com/tripplans/austin/itinerary-from-cleveland-55f8daf6ed796f0a3100038e,30
3 Days,Trip to Austin,https://www.triphobo.com/tripplans/austin/itinerary-561c02553216f5271e0003b8,30
1 Day,Trip to Austin,https://www.triphobo.com/tripplans/austin/itinerary-from-dallas-563129198427a53e1e0000ad,30
2 Days,Trip to Austin,https://www.triphobo.com/tripplans/austin/itinerary-5633d4c69bd33e4441000679,30
2 Days,"Trip to Austin, New York City",https://www.triphobo.com/tripplans/new-york-city-austin-itinerary-564b6bd2dbba3d1b06000002,30
1 Day,Trip to Austin,https://www.triphobo.com/tripplans/austin/itinerary-from-wichita-56954b6485e482232d00038e,30
6 Days,Trip to Austin,https://www.triphobo.com/tripplans/austin/itinerary-from-saint-louis-56baa0608e4719d84e0009ed,30
4 Days,Trip to Austin,https://www.triphobo.com/tripplans/austin/itinerary-from-miami-56c50b218e47199e23000a16,30
31 Days,31 Day Trip to United States from Everett,https://www.triphobo.com/tripplans/united-states-itinerary-from-everett-573bd5534e8231eb0e0005f8,30
4 Days,4 Day Trip to Austin from San Francisco,https://www.triphobo.com/tripplans/austin/itinerary-from-san-francisco-57505e1b8427a593750014b2,30
12 Days,"12 Day Trip to Austin, Memphis, Nashville, Oklahoma City, Pigeon Forge from Clinton",https://www.triphobo.com/tripplans/united-states-itinerary-from-clinton-5765e82d4e82313d780011d4,30
1 Day,Trip to Austin,https://www.triphobo.com/tripplans/austin-trip-from-san-antonio-55cfe265cd2e07797f0001f8,29
4 Days,Trip to Austin,https://www.triphobo.com/tripplans/austin-trip-from-albuquerque-55d350889006706a7d000064,29
1 Day,Trip to Austin,https://www.triphobo.com/tripplans/austin/itinerary-from-miami-562fea078427a56805000c67,29
4 Days,Trip to Austin,https://www.triphobo.com/tripplans/austin/itinerary-from-new-york-city-56479de18527a57c03000267,29
6 Days,Trip to Austin,https://www.triphobo.com/tripplans/austin/itinerary-5671b42585e482b43100016c,29
6 Days,"Trip to Austin, Denver",https://www.triphobo.com/tripplans/denver-austin-itinerary-from-richmond-56bd4a638f47191b580012ce,29
23 Days,"Trip to Las Vegas, Austin, Miami, New Orleans, San Francisco, Niagara Falls",https://www.triphobo.com/tripplans/united-states-canada-itinerary-from-philadelphia-56d6a62d68d56d9f6a000c4b,29
5 Days,"5 Day Trip to Austin, Galveston from Mesquite",https://www.triphobo.com/tripplans/austin-galveston-itinerary-from-mesquite-573298024e82311670001690,29
26 Days,26 Day Trip to United States from Burwood,https://www.triphobo.com/tripplans/united-states-itinerary-from-burwood-57d1106a8427a58d1b000e40,29
6 Days,"6 Day Trip to Austin, Salt Lake City from Salem",https://www.triphobo.com/tripplans/salt-lake-city-austin-itinerary-from-salem-57d3a08e4e8231af61000311,29
1 Day,Trip to Austin,https://www.triphobo.com/tripplans/austin/itinerary-from-san-francisco-5600ed2e8527a57067000407,28
1 Day,Trip to Austin,https://www.triphobo.com/tripplans/austin/itinerary-from-new-york-city-5611266bbb69286e21000319,28
3 Days,Trip to Austin,https://www.triphobo.com/tripplans/austin/itinerary-562994a70e3307ca55000129,28
5 Days,Trip to Austin,https://www.triphobo.com/tripplans/austin/itinerary-from-miami-564f393985e482672b000441,28
2 Days,Trip to Austin,https://www.triphobo.com/tripplans/austin/itinerary-from-new-caney-5651507ca6d46d6b6a00017d,28
7 Days,"Trip to Austin, Jersey City, Cleveland",https://www.triphobo.com/tripplans/jersey-city-cleveland-austin-itinerary-from-london-56bf0c6fdd853a1961000f91,28
10 Days,"10 Day Trip to Austin, New York City, Charleston from Felixstowe",https://www.triphobo.com/tripplans/new-york-city-charleston-austin-itinerary-from-felixstowe-576165b28427a5502000081f,28
1 Day,Austin day trip,https://www.triphobo.com/tripplans/new-braunfels-austin-itinerary-from-houston-576af0c14e8231765d0010f3,28
10 Days,"10 Day Trip to Austin, Dallas, San Antonio, Houston from Granby",https://www.triphobo.com/tripplans/united-states-itinerary-from-granby-57daa36a4e8231680f0007c3,28
2 Days,Trip to Austin,https://www.triphobo.com/tripplans/austin-trip-from-houston-55ce2b6bcd2e076505000a6a,27
3 Days,Trip to Austin,https://www.triphobo.com/tripplans/austin/itinerary-from-katy-560981708bd56d0f33000f61,27
4 Days,Trip to Austin,https://www.triphobo.com/tripplans/austin/itinerary-from-raleigh-560c37c78427a54649000588,27
2 Days,Trip to Austin,https://www.triphobo.com/tripplans/austin/itinerary-560db96a86ccbe24260004ec,27
6 Days,Trip to Austin,https://www.triphobo.com/tripplans/austin/itinerary-562f9ccd8427a539350009e2,27
2 Days,Trip to Austin,https://www.triphobo.com/tripplans/austin/itinerary-from-aurora-564139b38527a542450009b5,27
4 Days,Trip to Austin,https://www.triphobo.com/tripplans/austin/itinerary-565f1fd98a46cb7b58000417,27
28 Days,28 Day Trip to United States from Bangalore,https://www.triphobo.com/tripplans/united-states-itinerary-from-bangalore-575f4e2f4e8231cc630006ac,27
26 Days,"26 Day Trip to United States, United Kingdom from Bangalore",https://www.triphobo.com/tripplans/united-states-united-kingdom-itinerary-from-bangalore-57635a4a4e82315a7f0000ae,27
16 Days,"16 Day Trip to Austin, Dallas, San Antonio, Mckinney, New Braunfels, Waco from Oxford",https://www.triphobo.com/tripplans/united-states-itinerary-from-oxford-578af9d84e823151370001c1,27
9 Days,Trip to Austin,https://www.triphobo.com/tripplans/austin/itinerary-56095cc38bd56d743300094d,26
5 Days,Trip to Austin,https://www.triphobo.com/tripplans/austin/itinerary-from-philadelphia-560c1821586928c2460003c8,26
4 Days,Trip to Austin,https://www.triphobo.com/tripplans/austin/itinerary-from-birmingham-561483868527a59077000fe0,26
5 Days,Trip to Austin,https://www.triphobo.com/tripplans/austin/itinerary-5695945685e4820f5e00046f,26
9 Days,Trip to Austin,https://www.triphobo.com/tripplans/austin/itinerary-from-lexington-55f9fc778f4719ad3400088c,25
4 Days,Trip to Austin,https://www.triphobo.com/tripplans/austin/itinerary-from-carrollton-567497c385e4821b1f0007a7,25
4 Days,Trip to Austin,https://www.triphobo.com/tripplans/austin/itinerary-56951d15fee7825c0b000145,25
5 Days,Trip to Austin,https://www.triphobo.com/tripplans/austin/itinerary-from-dallas-56990e169bd33e0b0a0009eb,25
4 Days,Trip to Austin,https://www.triphobo.com/tripplans/austin/itinerary-569a25f18527a50730000033,25
2 Days,Trip to Austin,https://www.triphobo.com/tripplans/austin/itinerary-from-houston-56a4527f754719483c000044,25
2 Days,Trip to Austin,https://www.triphobo.com/tripplans/austin/itinerary-from-huntsville-56a50445914719b23a000309,25
6 Days,"Trip to Austin, San Antonio",https://www.triphobo.com/tripplans/san-antonio-austin-itinerary-from-mishawaka-56f15b1368d56d7d32000d87,25
3 Days,Trip to Austin,https://www.triphobo.com/tripplans/austin/itinerary-from-arlington-56f2b10268d56d8f560003d9,25
12 Days,12 Day Trip to ,https://www.triphobo.com/tripplans/united-states-itinerary-from-miami-572d2dac4e82314725000157,25
10 Days,"10 Day Trip to Austin, New Orleans, Houston from Houston",https://www.triphobo.com/tripplans/austin-new-orleans-houston-itinerary-from-houston-57b3f7504e8231441800143d,25
5 Days,Trip to Austin,https://www.triphobo.com/tripplans/austin/itinerary-55fd6cf08f4719a2060000c0,24
2 Days,Trip to Austin,https://www.triphobo.com/tripplans/austin/itinerary-from-galena-55ff3795db6928830e000a3e,24
5 Days,Trip to Austin,https://www.triphobo.com/tripplans/austin/itinerary-from-los-angeles-560402818427a55a200001e8,24
4 Days,Trip to Austin,https://www.triphobo.com/tripplans/austin/itinerary-from-new-york-city-5609d3a2f7ca70f1750003ec,24
2 Days,Trip to Austin,https://www.triphobo.com/tripplans/austin/itinerary-560c91e25869289e260000d1,24
2 Days,Trip to Austin,https://www.triphobo.com/tripplans/austin/itinerary-from-dallas-5628ac875d31b98d1b000284,24
2 Days,Trip to Austin,https://www.triphobo.com/tripplans/austin/itinerary-5655c8268a46cbd10100083d,24
4 Days,Trip to Austin,https://www.triphobo.com/tripplans/austin/itinerary-from-houston-56842de19bd33e19200001ac,24
15 Days,"Trip to Austin, Los Angeles, Grand Canyon National Park",https://www.triphobo.com/tripplans/austin-grand-canyon-national-park-los-angeles-itinerary-from-new-york-city-5693b70aa6d46d9e340002fa,24
1 Day,Trip to Austin,https://www.triphobo.com/tripplans/austin/itinerary-from-louisville-5693d7cf69ab715b63000017,24
9 Days,Trip to Austin,https://www.triphobo.com/tripplans/austin/itinerary-from-houston-56bf5478754719036700029f,24
5 Days,Trip to Austin,https://www.triphobo.com/tripplans/austin/itinerary-from-clemson-56096a5b8427a57103000cae,23
4 Days,Trip to Austin,https://www.triphobo.com/tripplans/austin/itinerary-from-miami-560acd7458692835060002fb,23
4 Days,Trip to Austin,https://www.triphobo.com/tripplans/austin/itinerary-from-baltimore-560ec002bb6928f022000b3b,23
4 Days,Trip to Austin,https://www.triphobo.com/tripplans/austin/itinerary-from-somerville-56137dd286ccbe137800064b,23
6 Days,Trip to Austin,https://www.triphobo.com/tripplans/austin/itinerary-from-raleigh-564b592ac545cbe50d000013,23
5 Days,Trip to Austin,https://www.triphobo.com/tripplans/austin/itinerary-564d4d778527a5051400043d,23
3 Days,"Trip to Austin, San Antonio",https://www.triphobo.com/tripplans/austin-san-antonio-itinerary-565c6f94a6d46dbe6e000e43,23
1 Day,Trip to Austin,https://www.triphobo.com/tripplans/austin/itinerary-5681dcdcbe14a72006000009,23
8 Days,"8 Day Trip to Austin, Dallas from Pune",https://www.triphobo.com/tripplans/dallas-austin-itinerary-from-pune-578cbd704e8231c5200006ed,23
4 Days,"4 Day Trip to Austin, San Antonio from Harlingen",https://www.triphobo.com/tripplans/austin-san-antonio-itinerary-from-harlingen-579127744e82312c410009ee,23
4 Days,Trip to Austin,https://www.triphobo.com/tripplans/austin/itinerary-from-houston-57a021b34e823137430003c0,23
1 Day,Trip to Austin,https://www.triphobo.com/tripplans/austin/itinerary-57bb2de18427a5c12b000e7e,23
5 Days,5 Day Trip to Austin,https://www.triphobo.com/tripplans/austin/itinerary-from-austin-57c8335b4e8231f177000943,23
3 Days,3 Day Trip to Austin,https://www.triphobo.com/tripplans/austin/itinerary-from-austin-57d5e6924e82312623000b08,23
9 Days,Trip to Austin,https://www.triphobo.com/tripplans/austin/itinerary-56724420a6d46d73740004f3,22
1 Day,Trip to Austin,https://www.triphobo.com/tripplans/austin/itinerary-from-buffalo-5682c3b53869281008000053,22
5 Days,Trip to Austin,https://www.triphobo.com/tripplans/austin/itinerary-from-seattle-56957f1a85e482bc1e00002f,22
9 Days,Trip to Austin,https://www.triphobo.com/tripplans/austin/itinerary-from-platteville-56bcd471904719d767001289,22
2 Days,2 Day Trip to Austin,https://www.triphobo.com/tripplans/austin/itinerary-from-austin-57b3d1b64e8231343e0007c0,22
10 Days,"10 Day Trip to Austin, New York City, Maui from London",https://www.triphobo.com/tripplans/austin-maui-new-york-city-itinerary-from-london-57fcc4e94e8231da4e00023e,22
2 Days,Trip to Austin,https://www.triphobo.com/tripplans/austin/itinerary-5625b5ea0e3307da060001e1,21
1 Day,Trip to Austin,https://www.triphobo.com/tripplans/austin/itinerary-from-albuquerque-5644bd8da6d46d337a0004b6,21
4 Days,Trip to Austin,https://www.triphobo.com/tripplans/austin/itinerary-from-newark-565d02ff8527a5176a000356,21
2 Days,Trip to Austin,https://www.triphobo.com/tripplans/austin/itinerary-from-austin-566521a0dc813a3506000032,21
1 Day,Trip to Austin,https://www.triphobo.com/tripplans/austin/itinerary-from-fort-worth-5666172d9bd33e202200098e,21
2 Days,Trip to Austin,https://www.triphobo.com/tripplans/austin/itinerary-from-chula-vista-56808e8a8a46cbf80f000f11,21
6 Days,Trip to Austin,https://www.triphobo.com/tripplans/austin/itinerary-from-los-angeles-5682395b9bd33e1438000483,21
2 Days,Trip to Austin,https://www.triphobo.com/tripplans/austin/itinerary-5684193b85e482447b0002e6,21
2 Days,Trip to Austin,https://www.triphobo.com/tripplans/austin/itinerary-56a675ec8e47198a69000119,21
7 Days,"7 Day Trip to Austin, San Francisco from Zeewolde",https://www.triphobo.com/tripplans/san-francisco-austin-itinerary-from-zeewolde-570bb3b34e82312b65000162,21
8 Days,"8 Day Trip to Austin, San Antonio, Houston from Denton",https://www.triphobo.com/tripplans/houston-austin-san-antonio-itinerary-from-denton-572f6a154e82311774000db1,21
31 Days,"31 Day Trip to United States, Australia from Melbourne",https://www.triphobo.com/tripplans/australia-united-states-itinerary-from-melbourne-57393dd58427a5ae4800052b,21
3 Days,3 Day Trip to Austin from Dallas,https://www.triphobo.com/tripplans/austin/itinerary-from-dallas-574706694e8231bc1b000060,21
7 Days,"7 Day Trip to Austin, New Orleans, Orlando from Washington D. C.",https://www.triphobo.com/tripplans/orlando-new-orleans-austin-itinerary-from-washington-d-c-574e437b4e82313b22000367,21
3 Days,3 Day Trip to Austin from Sunnyvale,https://www.triphobo.com/tripplans/austin/itinerary-from-sunnyvale-5784375d4e8231bb0f000267,21
6 Days,6 Day Trip to Austin from Philadelphia,https://www.triphobo.com/tripplans/austin/itinerary-from-philadelphia-5787af8c4e8231377b000391,21
3 Days,3 Day Trip to Austin from Portland,https://www.triphobo.com/tripplans/austin/itinerary-from-portland-579a69d94e82318027000c3b,21
5 Days,5 Day Trip to Austin from New York City,https://www.triphobo.com/tripplans/austin/itinerary-from-new-york-city-57ba6cc04e8231fb5400081f,21
14 Days,"14 Day Trip to Dallas, Austin, San Antonio, Houston from Newark",https://www.triphobo.com/tripplans/united-states-itinerary-from-newark-57eb506d4e82313452000187,21
8 Days,Trip to Austin,https://www.triphobo.com/tripplans/austin/itinerary-from-the-outlet-shoppes-at-el-paso-canutillo-tx-55fdd3a3ed796f8f3d000fda,20
1 Day,Trip to Austin,https://www.triphobo.com/tripplans/austin/itinerary-from-newark-564659d1a6d46d235400010b,20
9 Days,"Trip to Austin, Houston",https://www.triphobo.com/tripplans/houston-austin-itinerary-from-philadelphia-564b4d348a46cbff5e0000ea,20
5 Days,Trip to Austin,https://www.triphobo.com/tripplans/austin/itinerary-from-cleveland-565dd6dfe1e382170600002c,20
1 Day,Trip to Austin,https://www.triphobo.com/tripplans/austin/itinerary-5681d04c85e4825e2d0001b6,20
4 Days,Trip to Austin,https://www.triphobo.com/tripplans/austin/itinerary-from-chicago-569314329bd33eb42e000185,20
9 Days,Trip to Austin,https://www.triphobo.com/tripplans/austin/itinerary-from-washington-d-c-56946eea69ab717537000101,20
14 Days,"Trip to Austin, New Orleans, Denver, Grand Canyon National Park",https://www.triphobo.com/tripplans/united-states-itinerary-from-somers-point-56d9e3bf83fc94cf240000bc,20
12 Days,"12 Day Trip to Austin, Dallas, Fort Worth, Houston from Manchester",https://www.triphobo.com/tripplans/united-states-itinerary-from-manchester-574348644e8231b031001908,20
3 Days,3 Day Trip to Austin from Chicago,https://www.triphobo.com/tripplans/austin/itinerary-from-chicago-575799064e8231221c00042d,20
9 Days,"9 Day Trip to Austin, Salt Lake City from San Jose",https://www.triphobo.com/tripplans/austin-salt-lake-city-itinerary-from-san-jose-576040304e8231b33700057e,20
3 Days,3 Day Trip to Austin from Rockledge,https://www.triphobo.com/tripplans/austin/itinerary-from-rockledge-579a6aa34e823195610019bb,20
7 Days,Trip to Austin,https://www.triphobo.com/tripplans/austin/itinerary-from-boston-564bfc7d8427a5c640000838,19
4 Days,Trip to Austin,https://www.triphobo.com/tripplans/austin/itinerary-from-houston-5672c591a6d46d387900143d,19
1 Day,Trip to Austin,https://www.triphobo.com/tripplans/austin/itinerary-5694b4e74f4719970b000028,19
3 Days,Trip to Austin,https://www.triphobo.com/tripplans/austin/itinerary-56ba2af175471940760005dd,19
10 Days,"10 Day Trip to Austin, Dallas, Houston, Grapevine from Fort Worth",https://www.triphobo.com/tripplans/united-states-itinerary-from-fort-worth-57490e7a8427a5691300005e,19
3 Days,3 Day Trip to Austin from Houston,https://www.triphobo.com/tripplans/austin/itinerary-from-houston-576a64ff8427a5aa4c0000ee,19
3 Days,3 Day Trip to Austin from Mountain View,https://www.triphobo.com/tripplans/austin/itinerary-from-mountain-view-579d3f318427a5f30200013c,19
8 Days,"8 Day Trip to Austin, New Orleans, Amarillo from Charleston",https://www.triphobo.com/tripplans/amarillo-austin-new-orleans-itinerary-from-charleston-57a8ef318427a52d580007ba,19
6 Days,Trip to Austin,https://www.triphobo.com/tripplans/austin/itinerary-from-fort-mill-5671b2a58a46cb0b200002b4,18
8 Days,Trip to Austin,https://www.triphobo.com/tripplans/austin/itinerary-from-seattle-5681ce8985e4828c4f00078b,18
4 Days,Trip to Austin,https://www.triphobo.com/tripplans/austin/itinerary-from-san-juan-5686d4dd8527a5d221000647,18
3 Days,Trip to Austin,https://www.triphobo.com/tripplans/austin/itinerary-56982f7d69ab713720000004,18
1 Day,Trip to Austin,https://www.triphobo.com/tripplans/austin/itinerary-569a246469ab716017000113,18
5 Days,5 Day Trip to Austin from Corpus Christi,https://www.triphobo.com/tripplans/austin/itinerary-from-corpus-christi-5706603f4e8231bd0600042a,18
2 Days,Trip to Austin,https://www.triphobo.com/tripplans/austin/itinerary-57657f6a4e82315778000b20,18
3 Days,3 Day Trip to Austin from Philadelphia,https://www.triphobo.com/tripplans/austin/itinerary-from-philadelphia-5787b1be4e8231664a000e5b,18
6 Days,6 Day Trip to Austin from Pune,https://www.triphobo.com/tripplans/austin/itinerary-from-pune-57aa44b14e8231d80a0000f1,18
14 Days,"14 Day Trip to Austin, Dallas, San Antonio, Houston, Galveston, Fredericksburg, Vicksburg from New Orleans",https://www.triphobo.com/tripplans/united-states-itinerary-from-new-orleans-57fed59f4e8231b53000017d,18
1 Day,Trip to Austin,https://www.triphobo.com/tripplans/austin/itinerary-from-sugar-land-560435db4e7a6ff562000894,17
1 Day,Trip to Austin,https://www.triphobo.com/tripplans/austin/itinerary-568095088a46cbbd3c00011f,17
4 Days,Trip to Austin,https://www.triphobo.com/tripplans/austin/itinerary-from-seattle-568d90c069ab716e0a0000b1,17
2 Days,Trip to Austin,https://www.triphobo.com/tripplans/austin/itinerary-56a6adccdd853ad9760006f5,17
2 Days,Trip to Austin,https://www.triphobo.com/tripplans/austin/itinerary-from-sugar-land-56ac07768e47198a7d000ae7,17
5 Days,Trip to Austin,https://www.triphobo.com/tripplans/austin/itinerary-from-washington-d-c-56c1e3397647191d6a0001e9,17
4 Days,Trip to Austin,https://www.triphobo.com/tripplans/austin/itinerary-from-fort-worth-56f5bb556ad56d434f0000a1,17
3 Days,4 Day Trip to Austin from Wayne,https://www.triphobo.com/tripplans/austin/itinerary-from-wayne-570089f48527a56f65000a45,17
4 Days,4 Day Trip to Austin from New Hartford,https://www.triphobo.com/tripplans/austin/itinerary-from-new-hartford-5703f00286d43e280600144c,17
11 Days,"11 Day Trip to Austin, San Antonio, Fort Worth, Houston from Denton",https://www.triphobo.com/tripplans/united-states-itinerary-from-denton-572f685f4e82315a0c000da4,17
8 Days,"8 Day Trip to Austin, New Orleans, Orlando, Nashville from Washington D. C.",https://www.triphobo.com/tripplans/united-states-itinerary-from-washington-d-c-574e46204e823105160005a6,17
7 Days,"7 Day Trip to Austin, San Antonio, Galveston from Houston",https://www.triphobo.com/tripplans/austin-galveston-san-antonio-itinerary-from-houston-57c868ea4e82313d45000058,17
3 Days,Trip to Austin,https://www.triphobo.com/tripplans/austin/itinerary-564cc2668427a58f6d000366,16
9 Days,Trip to Austin,https://www.triphobo.com/tripplans/austin/itinerary-5671a3c29bd33ea16a0001f0,16
2 Days,Trip to Nashville,https://www.triphobo.com/tripplans/nashville/itinerary-from-baltimore-5689ad3c8527a52f1000031c,16
1 Day,Trip to Austin,https://www.triphobo.com/tripplans/austin/itinerary-from-portland-569de326379a4c1606000085,16
4 Days,Trip to Austin,https://www.triphobo.com/tripplans/austin/itinerary-56a40aeecced6ed3050001c7,16
4 Days,Trip to Austin,https://www.triphobo.com/tripplans/austin/itinerary-from-manhattan-56cbbff283fc949d58000988,16
4 Days,4 Day Trip to Austin from Honolulu,https://www.triphobo.com/tripplans/austin/itinerary-from-honolulu-573d12c98427a5260600172d,16
3 Days,3 Day Trip to Austin from Cleveland,https://www.triphobo.com/tripplans/austin/itinerary-from-cleveland-5740cc714e8231713f0006a4,16
7 Days,7 Day Trip to Austin from Flanders,https://www.triphobo.com/tripplans/austin/itinerary-from-flanders-577ec5d94e82317e2c0005da,16
7 Days,"7 Day Trip to Austin, San Antonio, Houston from Irving",https://www.triphobo.com/tripplans/houston-san-antonio-austin-itinerary-from-irving-578ab3304e8231de2000047a,16
4 Days,4 Day Trip to Austin,https://www.triphobo.com/tripplans/austin/itinerary-from-austin-57c82ee64e82319649000334,16
37 Days,37 Day Trip to United States from London,https://www.triphobo.com/tripplans/united-states-itinerary-from-london-57dff7804e82318a70000a52,16
2 Days,Trip to Austin,https://www.triphobo.com/tripplans/austin/itinerary-560c9f3e5869284c4000000f,15
2 Days,Trip to Austin,https://www.triphobo.com/tripplans/austin/itinerary-from-san-antonio-56651d77a6d46d9c340002e9,15
8 Days,Trip to Austin,https://www.triphobo.com/tripplans/austin/itinerary-from-coos-bay-5685c2098427a57f0a0001df,15
6 Days,Trip to Austin,https://www.triphobo.com/tripplans/austin/itinerary-from-albuquerque-56bea71c764719974400044d,15
2 Days,Trip to Austin,https://www.triphobo.com/tripplans/austin/itinerary-from-houston-56c4f5e2764719704700006f,15
5 Days,Trip to Austin,https://www.triphobo.com/tripplans/austin/itinerary-from-topeka-56cc6011dd853ad90900003f,15
7 Days,7 Day Trip to Austin from Albany,https://www.triphobo.com/tripplans/austin/itinerary-from-albany-5706680f4e823158060004fc,15
2 Days,2 Days Trip to austin,https://www.triphobo.com/tripplans/austin/itinerary-from-austin-57bfde0c5fec37ba570059b0,15
14 Days,Dec 2016,https://www.triphobo.com/tripplans/united-states-itinerary-from-newark-58179e274e82312d57000109,15
1 Day,Trip to Austin,https://www.triphobo.com/tripplans/austin/itinerary-from-philadelphia-56717d8485e4824a3300079a,14
6 Days,Trip to Austin,https://www.triphobo.com/tripplans/austin/itinerary-from-des-moines-56970d6b8427a50b490003f4,14
1 Day,Trip to Austin,https://www.triphobo.com/tripplans/austin/itinerary-56d9fc4a82fc94856c000232,14
15 Days,"15 Day Trip to Austin, Tampa, New Orleans, Denver, Roswell from Buffalo",https://www.triphobo.com/tripplans/united-states-itinerary-from-buffalo-571d94a08427a5014d000e24,14
6 Days,6 Day Trip to Austin from Chicago,https://www.triphobo.com/tripplans/austin/itinerary-from-chicago-57b222d54e8231e739000412,14
4 Days,4 Day Trip to Austin from Dallas,https://www.triphobo.com/tripplans/austin/itinerary-from-dallas-57c043554e8231e002000289,14
5 Days,5 Day Trip to Austin from Overland Park,https://www.triphobo.com/tripplans/austin/itinerary-from-overland-park-57e42edb4e8231bd78000511,14
18 Days,"18 Day Trip to Las Vegas, Austin, Miami, Seattle, Los Angeles, New York City from Chicago",https://www.triphobo.com/tripplans/united-states-itinerary-from-chicago-58136b504e82319e630000e3,14
7 Days,Trip to Austin,https://www.triphobo.com/tripplans/austin/itinerary-566ca5a58a46cb5025000289,13
4 Days,Trip to Austin,https://www.triphobo.com/tripplans/austin/itinerary-from-kansas-city-56a3f8b48f4719df23000338,13
8 Days,Trip to Austin,https://www.triphobo.com/tripplans/austin/itinerary-from-winnipeg-56c608d16b616e570e0003e1,13
6 Days,"Trip to Austin, San Antonio",https://www.triphobo.com/tripplans/san-antonio-austin-itinerary-from-houston-56f29df58527a5935e00018e,13
8 Days,"8 Day Trip to Austin, San Antonio, South Padre Island from Denver",https://www.triphobo.com/tripplans/south-padre-island-austin-san-antonio-itinerary-from-denver-573b484d4e8231387b001404,13
7 Days,7 Day Trip to Austin from Irving,https://www.triphobo.com/tripplans/austin/itinerary-from-irving-578aa7ca8427a5c22e000219,13
6 Days,6 Day Trip to Austin from San Antonio,https://www.triphobo.com/tripplans/austin/itinerary-from-san-antonio-57a4c6348427a57130000179,13
6 Days,6 Day Trip to Austin,https://www.triphobo.com/tripplans/austin/itinerary-from-austin-57c957a38427a583250003b5,13
6 Days,"6 Day Trip to Austin, Washington D. C. from Philadelphia",https://www.triphobo.com/tripplans/washington-d-c-austin-itinerary-from-philadelphia-57e3f1184e8231d95a000077,13
2 Days,Trip to Austin,https://www.triphobo.com/tripplans/austin/itinerary-from-hickory-5663ad5185e482715300045a,12
5 Days,Trip to Nashville,https://www.triphobo.com/tripplans/nashville/itinerary-from-baltimore-568948d985e4820d46000047,12
1 Day,Trip to Austin,https://www.triphobo.com/tripplans/austin/itinerary-from-fort-lauderdale-56bae3238e4719be300007eb,12
4 Days,Trip to Austin,https://www.triphobo.com/tripplans/austin/itinerary-from-north-tustin-56c4acad914719e26d0003dc,12
4 Days,Trip to Austin,https://www.triphobo.com/tripplans/austin/itinerary-from-amarillo-56d789258427a52430000603,12
4 Days,4 Day Trip to Austin from Baltimore,https://www.triphobo.com/tripplans/austin/itinerary-from-baltimore-57678a3c8427a59a080001b1,12
3 Days,3 Day Trip to Austin from Dallas,https://www.triphobo.com/tripplans/austin/itinerary-from-dallas-57698fcf4e8231720900148f,12
3 Days,3 Day Trip to Austin,https://www.triphobo.com/tripplans/austin/itinerary-from-austin-57aeb5f74e82315376000bb1,12
3 Days,3 Day Trip to Austin,https://www.triphobo.com/tripplans/austin/itinerary-from-austin-57aec4ed4e8231ed260002d3,12
2 Days,2 Day Trip to Austin,https://www.triphobo.com/tripplans/austin/itinerary-from-austin-57c827584e8231ad77000851,12
6 Days,Trip to Austin,https://www.triphobo.com/tripplans/austin/itinerary-from-philadelphia-564282c19bd33e2c3c000603,11
3 Days,Trip to Austin,https://www.triphobo.com/tripplans/austin/itinerary-from-rogers-5670e92485e482e04a000958,11
5 Days,Trip to Austin,https://www.triphobo.com/tripplans/austin/itinerary-from-dallas-5697c28285e482e879000df4,11
3 Days,3 Day Trip to Austin from Clearwater,https://www.triphobo.com/tripplans/austin/itinerary-from-clearwater-576146bb4e8231a44a0005d0,11
1 Day,1 Day Trip to austin,https://www.triphobo.com/tripplans/austin/itinerary-from-austin-57bfde115fec372a59006909,11
4 Days,4 Day Trip to Austin from Chicago,https://www.triphobo.com/tripplans/austin/itinerary-from-chicago-57d064894e8231326b000324,11
8 Days,8 Day Trip to Austin from Indianapolis,https://www.triphobo.com/tripplans/austin/itinerary-from-indianapolis-57e860c94e82317f1200107c,11
13 Days,"13 Day Trip to Austin, Fort Lauderdale from Pretoria",https://www.triphobo.com/tripplans/fort-lauderdale-austin-itinerary-from-pretoria-57f519684e8231846e000070,11
7 Days,"7 Day Trip to Austin, San Antonio from Dallas",https://www.triphobo.com/tripplans/austin-san-antonio-itinerary-from-dallas-5817a63a4e823164200002b9,11
5 Days,5 Day Trip to Austin from Mumbai,https://www.triphobo.com/tripplans/austin/itinerary-from-mumbai-582aa3108427a5e06a0002cf,11
1 Day,Trip to Austin,https://www.triphobo.com/tripplans/austin-trip-plan-55ec6b89bdfc944f0c0000d3,10
1 Day,Trip to Austin,https://www.triphobo.com/tripplans/austin/itinerary-from-youngstown-56bd02648f4719ba6500034d,10
7 Days,Trip to Austin,https://www.triphobo.com/tripplans/austin/itinerary-from-dayton-56c125548427a5b96a000000,10
2 Days,Trip to Austin,https://www.triphobo.com/tripplans/austin/itinerary-from-dallas-56dfaf4182fc945a57000bb1,10
3 Days,Trip to Austin,https://www.triphobo.com/tripplans/austin/itinerary-from-abilene-56ed64ea69d56d5f40000b73,10
5 Days,5 Days Trip to austin,https://www.triphobo.com/tripplans/austin/itinerary-from-austin-57bfddfb5fec372a590068ff,10
3 Days,3 Day Trip to Austin,https://www.triphobo.com/tripplans/austin/itinerary-from-austin-57c82a204e823146070006c0,10
3 Days,3 Day Trip to Austin from Fort Worth,https://www.triphobo.com/tripplans/austin/itinerary-from-fort-worth-57f1cb794e8231cf180012ad,10
3 Days,3 Day Trip to Austin from Arlington,https://www.triphobo.com/tripplans/austin/itinerary-from-arlington-57f1f9184e8231d241000339,10
3 Days,3 Day Trip to Austin from San Diego,https://www.triphobo.com/tripplans/austin/itinerary-from-san-diego-57f6711e4e8231273b0001f9,10
14 Days,Dec 2016,https://www.triphobo.com/tripplans/united-states-itinerary-from-newark-5817a03d4e82313c52000084,10
4 Days,4 Day Trip to Austin from Medelln,https://www.triphobo.com/tripplans/austin/itinerary-from-medell-n-581d346a8427a5e456000124,10
9 Days,Trip to Austin,https://www.triphobo.com/tripplans/austin/itinerary-from-philadelphia-56717a689bd33e31660000c1,9
7 Days,Trip to Austin,https://www.triphobo.com/tripplans/austin/itinerary-from-baltimore-5689473e087a6f4906000020,9
3 Days,Trip to Austin,https://www.triphobo.com/tripplans/austin/itinerary-from-grand-prairie-56de4e5d6ad56d772d000de4,9
22 Days,"22 Day Trip to Austin, Los Angeles from London",https://www.triphobo.com/tripplans/los-angeles-austin-itinerary-from-london-571571dc8427a57a5c000cbf,9
1 Day,Trip to Austin,https://www.triphobo.com/tripplans/austin/itinerary-57bc81c14e8231f638000504,9
6 Days,6 Days Trip to austin,https://www.triphobo.com/tripplans/austin/itinerary-from-austin-57bfddf55fec37d1620066bd,9
3 Days,3 Days Trip to austin,https://www.triphobo.com/tripplans/austin/itinerary-from-austin-57bfde065fec377d6b007df2,9
5 Days,5 Day Trip to Austin from Mcminnville,https://www.triphobo.com/tripplans/austin/itinerary-from-mcminnville-57cb96e64e82313871000060,9
5 Days,5 Day Trip to Austin from Brooklyn,https://www.triphobo.com/tripplans/austin/itinerary-from-brooklyn-57f27c774e8231a97c000b11,9
4 Days,4 Day Trip to Austin from Redwood City,https://www.triphobo.com/tripplans/austin/itinerary-from-redwood-city-57f4710a8427a57710000bcb,9
9 Days,"9 Day Trip to Austin, Houston, Wichita Falls from Campbellsville",https://www.triphobo.com/tripplans/wichita-falls-houston-austin-itinerary-from-campbellsville-57f529a14e8231f83c000474,9
3 Days,3 Day Trip to Austin from San Antonio,https://www.triphobo.com/tripplans/austin/itinerary-from-san-antonio-581928a44e82317c0c0003a7,9
3 Days,3 Day Trip to Austin from Willingboro,https://www.triphobo.com/tripplans/austin/itinerary-from-willingboro-581a84e44e8231ea630002fa,9
1 Day,Trip to Austin,https://www.triphobo.com/tripplans/austin/itinerary-56d5e8d482fc94fd58000067,8
2 Days,Trip to Austin,https://www.triphobo.com/tripplans/austin/itinerary-from-arlington-56f2a79e8427a56f44001562,8
4 Days,Trip to Austin,https://www.triphobo.com/tripplans/austin/itinerary-from-fort-worth-56f5afd38527a54a08000543,8
3 Days,4 Day Trip to Austin from Edmond,https://www.triphobo.com/tripplans/austin/itinerary-from-edmond-5701d7790ee5d02e4800000b,8
3 Days,3 Day Trip to Austin from Saint Louis,https://www.triphobo.com/tripplans/austin/itinerary-from-saint-louis-5703f726e549cb2306000539,8
3 Days,3 Day Trip to Austin from Allen,https://www.triphobo.com/tripplans/austin/itinerary-from-allen-578d3bfc4e8231662d001a5d,8
4 Days,4 Day Trip to Austin from Lafayette,https://www.triphobo.com/tripplans/austin/itinerary-from-lafayette-57bdc20f4e82318b7e00020a,8
4 Days,4 Days Trip to austin,https://www.triphobo.com/tripplans/austin/itinerary-from-austin-57bfde015fec372561006674,8
1 Day,1 Day Trip to Austin,https://www.triphobo.com/tripplans/austin/itinerary-from-austin-57c81c1e4e82312b08000816,8
6 Days,6 Day Trip to Austin from Baton Rouge,https://www.triphobo.com/tripplans/austin/itinerary-from-baton-rouge-57e3fe814e8231912700105d,8
5 Days,5 Day Trip to Austin from Overland Park,https://www.triphobo.com/tripplans/austin/itinerary-from-overland-park-57e42c8e4e8231e26f000995,8
3 Days,3 Day Trip to Austin from Alexandria,https://www.triphobo.com/tripplans/austin/itinerary-from-alexandria-57f516d84e82319451000029,8
2 Days,3 Day Trip to Austin from San Antonio,https://www.triphobo.com/tripplans/austin/itinerary-from-san-antonio-58192b644e823109410006d6,8
3 Days,Trip to Austin,https://www.triphobo.com/tripplans/austin-trip-plan-55c0cd16f9c2e5ee6b000059,7
3 Days,Trip to Austin,https://www.triphobo.com/tripplans/austin/itinerary-56ba32f5dd853ac431001738,7
4 Days,Trip to Austin,https://www.triphobo.com/tripplans/austin/itinerary-from-doylestown-56d902df83fc942a3f0010e3,7
5 Days,Trip to Austin,https://www.triphobo.com/tripplans/austin/itinerary-from-byfield-56df5f9d8527a52e720001b4,7
5 Days,Trip to Austin,https://www.triphobo.com/tripplans/austin/itinerary-from-canterbury-56e685bd82fc94f928000aa5,7
4 Days,Trip to Austin,https://www.triphobo.com/tripplans/austin/itinerary-from-chicago-56e6df218427a5095300006e,7
7 Days,Trip to Austin,https://www.triphobo.com/tripplans/austin/itinerary-from-hermosa-beach-56e6ef7683fc949728000121,7
3 Days,3 Day Trip to Austin from Kansas City,https://www.triphobo.com/tripplans/austin/itinerary-from-kansas-city-57021c818527a5537d001210,7
5 Days,5 Day Trip to Austin from Chicago,https://www.triphobo.com/tripplans/austin/itinerary-from-chicago-5707df0c4e82318712000692,7
5 Days,5 Day Trip to Austin from Irving,https://www.triphobo.com/tripplans/austin/itinerary-from-irving-573e04b44e8231034d00166f,7
4 Days,4 Day Trip to Austin from Stillwater,https://www.triphobo.com/tripplans/austin/itinerary-from-stillwater-5740af114e8231854d0001ee,7
9 Days,"9 Day Trip to Austin, South Padre Island from Dallas",https://www.triphobo.com/tripplans/austin-south-padre-island-itinerary-from-dallas-574341088427a5d45f001920,7
3 Days,3 Day Trip to Austin from Spring,https://www.triphobo.com/tripplans/austin/itinerary-from-spring-5757887a4e8231df73000910,7
3 Days,3 Day Trip to Austin from Syracuse,https://www.triphobo.com/tripplans/austin/itinerary-from-syracuse-575e1ea54e8231db50000234,7
3 Days,3 Day Trip to Austin from Texas City,https://www.triphobo.com/tripplans/austin/itinerary-from-texas-city-578ec01a4e823118690002b8,7
4 Days,"6 Day Trip to Austin, San Antonio from Fort Worth",https://www.triphobo.com/tripplans/san-antonio-austin-itinerary-from-fort-worth-57fe9f864e82315e6800035e,7
3 Days,3 Day Trip to Austin from Arlington,https://www.triphobo.com/tripplans/austin/itinerary-from-arlington-5817b7798427a51573000637,7
3 Days,3 Day Trip to Austin from Plano,https://www.triphobo.com/tripplans/austin/itinerary-from-plano-581a8ec28427a5ca4c000617,7
5 Days,"5 Day Trip to Austin, San Antonio from Dallas",https://www.triphobo.com/tripplans/austin-san-antonio-itinerary-from-dallas-5830e3f94e82313221000695,7
1 Day,Trip to Austin,https://www.triphobo.com/tripplans/austin/itinerary-from-los-angeles-564b838da6d46d91490002ea,6
6 Days,Trip to Austin,https://www.triphobo.com/tripplans/austin/itinerary-from-bloomington-56df6a638427a5f0660002c5,6
3 Days,Trip to Austin,https://www.triphobo.com/tripplans/austin/itinerary-56e0cd898527a56b7f00086a,6
4 Days,Trip to Austin,https://www.triphobo.com/tripplans/austin/itinerary-from-new-york-city-56e58b3069d56df54f000246,6
4 Days,Trip to Austin,https://www.triphobo.com/tripplans/austin/itinerary-from-baltimore-56e72d0d8527a580030008ac,6
3 Days,3 Day Trip to Austin from New York-new York Hotel & Casino,https://www.triphobo.com/tripplans/austin/itinerary-from-new-york-new-york-hotel-casino-5702c7970fe5d0982300065a,6
3 Days,3 Day Trip to Austin from Katy,https://www.triphobo.com/tripplans/austin/itinerary-from-katy-5718309d4e8231b14f000a04,6
5 Days,"5 Day Trip to Austin, Houston from Lawrence",https://www.triphobo.com/tripplans/houston-austin-itinerary-from-lawrence-57278a5c4e8231a259001014,6
4 Days,4 Day Trip to Austin from Amarillo,https://www.triphobo.com/tripplans/austin/itinerary-from-amarillo-5728b31d4e82318e61000490,6
3 Days,3 Day Trip to Austin from Denver,https://www.triphobo.com/tripplans/austin/itinerary-from-denver-5728ce2f4e8231db6000190b,6
4 Days,4 Day Trip to Austin,https://www.triphobo.com/tripplans/austin/itinerary-from-austin-572a36ec8427a55325000a54,6
3 Days,3 Day Trip to Austin from Irving,https://www.triphobo.com/tripplans/austin/itinerary-from-irving-5733e8bf4e8231351a0004f7,6
3 Days,3 Day Trip to Austin from Cockeysville,https://www.triphobo.com/tripplans/austin/itinerary-from-cockeysville-5738dc8b4e8231af49001110,6
4 Days,4 Day Trip to Austin from Stillwater,https://www.triphobo.com/tripplans/austin/itinerary-from-stillwater-5740b0f14e8231bb380012b8,6
5 Days,5 Day Trip to Austin from Mumbai,https://www.triphobo.com/tripplans/austin/itinerary-from-mumbai-5741bf834e82311728000c93,6
5 Days,5 Day Trip to Austin from Baltimore,https://www.triphobo.com/tripplans/austin/itinerary-from-baltimore-578d55c94e8231c87c00040d,6
3 Days,3 Day Trip to Austin from Liberty Hill,https://www.triphobo.com/tripplans/austin/itinerary-from-liberty-hill-57fd504e4e8231703100001d,6
3 Days,3 Day Trip to Austin from Denver,https://www.triphobo.com/tripplans/austin/itinerary-from-denver-58133e5f8427a5cb4c000080,6
4 Days,4 Day Trip to Austin from Tulsa,https://www.triphobo.com/tripplans/austin/itinerary-from-tulsa-5818c0934e82316356000410,6
3 Days,3 Day Trip to Austin from Springfield,https://www.triphobo.com/tripplans/austin/itinerary-from-springfield-581d69044e8231225e0004cf,6
4 Days,Trip to Austin,https://www.triphobo.com/tripplans/austin/itinerary-from-chickamauga-56dca4b38527a56a4e00018d,5
6 Days,Trip to Austin,https://www.triphobo.com/tripplans/austin/itinerary-from-austin-56e3ed5083fc94ac4c000b2a,5
3 Days,3 Day Trip to Austin from Lincoln,https://www.triphobo.com/tripplans/austin/itinerary-from-lincoln-57029c020fe5d06907001503,5
3 Days,3 Day Trip to Austin from Lawton,https://www.triphobo.com/tripplans/austin/itinerary-from-lawton-5741de498427a5e41b000f22,5
5 Days,5 Day Trip to Austin from Baltimore,https://www.triphobo.com/tripplans/austin/itinerary-from-baltimore-578d9ad44e82316306000f73,5
5 Days,5 Day Trip to Austin from San Jose,https://www.triphobo.com/tripplans/austin/itinerary-from-san-jose-5814168e8427a5db3900012c,5
3 Days,3 Day Trip to Austin from Houston,https://www.triphobo.com/tripplans/austin/itinerary-from-houston-581a0cc24e8231637f000674,5
4 Days,Trip to Austin,https://www.triphobo.com/tripplans/austin/itinerary-from-east-meadow-56d4d73168d56dcd21000983,4
3 Days,Trip to Austin,https://www.triphobo.com/tripplans/austin/itinerary-from-frankfort-56fd57f88427a57c48000916,4
3 Days,3 Day Trip to Austin from Dallas,https://www.triphobo.com/tripplans/austin/itinerary-from-dallas-570d3f824e82318636001df2,4
4 Days,4 Day Trip to Austin from Palm Harbor,https://www.triphobo.com/tripplans/austin/itinerary-from-palm-harbor-5739d6618427a51b360005f3,4
3 Days,3 Day Trip to Austin from Chicago,https://www.triphobo.com/tripplans/austin/itinerary-from-chicago-573da2534e823170060015f5,4
3 Days,3 Day Trip to Austin from Memphis,https://www.triphobo.com/tripplans/austin/itinerary-from-memphis-573dc3474e8231c528000415,4
3 Days,3 Day Trip to Austin from Phoenix,https://www.triphobo.com/tripplans/austin/itinerary-from-phoenix-57448d774e8231fa770010ef,4
6 Days,3 Day Trip to Austin from Columbia,https://www.triphobo.com/tripplans/austin/itinerary-from-columbia-5744c3618427a55e7d00124e,4
4 Days,4 Day Trip to Austin from Crockett,https://www.triphobo.com/tripplans/austin/itinerary-from-crockett-5765ad804e82313678000af8,4
1 Day,1 Day Trip to Austin from College Station,https://www.triphobo.com/tripplans/austin/itinerary-from-college-station-57d9a3794e8231c17100070f,4
5 Days,5 Day Trip to Austin from Elgin,https://www.triphobo.com/tripplans/austin/itinerary-from-elgin-57f15f044e823197610001d2,4
30 Days,"30 Day Trip to United States, Cuba, Mexico from Los Angeles",https://www.triphobo.com/tripplans/united-states-mexico-cuba-itinerary-from-los-angeles-5828f4f64e8231251a0002a0,4
5 Days,5 Day Trip to Austin from Lexington,https://www.triphobo.com/tripplans/austin/itinerary-from-lexington-582cf0de4e8231d24100084c,4
4 Days,4 Day Trip to Austin from Daly City,https://www.triphobo.com/tripplans/austin/itinerary-from-daly-city-58317ad14e82317238000122,4
3 Days,Trip to Austin,https://www.triphobo.com/tripplans/austin/itinerary-from-abilene-56ee213d82fc94d23e001608,3
7 Days,Trip to Austin,https://www.triphobo.com/tripplans/austin/itinerary-from-mumbai-56ee895cdd853a4e2c0006e7,3
3 Days,3 Day Trip to Austin from Edmond,https://www.triphobo.com/tripplans/austin/itinerary-from-edmond-5701c11d25616efc58000776,3
4 Days,4 Day Trip to Austin from Fairfield,https://www.triphobo.com/tripplans/austin/itinerary-from-fairfield-5734a6f84e8231190900149e,3
3 Days,3 Day Trip to Austin from Lampasas,https://www.triphobo.com/tripplans/austin/itinerary-from-lampasas-573b32f64e8231c0720000bb,3
5 Days,5 Day Trip to Austin from Long Beach,https://www.triphobo.com/tripplans/austin/itinerary-from-long-beach-57ae82494e82319d7f00017f,3
5 Days,5 Day Trip to Austin from Madison,https://www.triphobo.com/tripplans/austin/itinerary-from-madison-57bc66bf4e8231617d000e7b,3
5 Days,5 Day Trip to Austin from Mumbai,https://www.triphobo.com/tripplans/austin/itinerary-from-mumbai-582c0b474e82310d4e0005a2,3
7 Days,Trip to Austin,https://www.triphobo.com/tripplans/austin/itinerary-from-newport-news-56ef012f82fc94d9350014a1,2
4 Days,4 Day Trip to Austin from London,https://www.triphobo.com/tripplans/austin/itinerary-from-london-571ceb024e82315a2f00013c,2
4 Days,4 Day Trip to Austin,https://www.triphobo.com/tripplans/austin/itinerary-from-austin-5738e8fd4e82317923000672,2
3 Days,Austin,https://www.triphobo.com/tripplans/austin/itinerary-from-milwaukee-57d0d4854e82314f3900011e,2
3 Days,3 Day Trip to Austin from Madison,https://www.triphobo.com/tripplans/austin/itinerary-from-madison-58308ab84e8231dd19000157,1
4 Days,4 Day Trip to Austin from Rockford,https://www.triphobo.com/tripplans/austin/itinerary-from-rockford-583272ac4e8231102c000557,1
8 Days,"Trip to Albuquerque, San Antonio, Big Bend National Park",https://www.triphobo.com/tripplans/san-antonio-big-bend-national-park-albuquerque-itinerary-from-austin-56f6e42168d56d0c1c0001d0,63
1 Day,3 Day Trip to Austin,https://www.triphobo.com/tripplans/san-antonio-austin-itinerary-from-austin-57aecbca4e8231453f0000f9,13
1 Day,1 Day Trip to San Antonio from Austin,https://www.triphobo.com/tripplans/san-antonio/itinerary-from-austin-5820e6234e8231b745000416,5
1 Day,1 Day Trip to San Antonio from Austin,https://www.triphobo.com/tripplans/san-antonio/itinerary-from-austin-5820e70d8427a5807c000048,5
3 Days,3 Day Trip to San Antonio from Austin,https://www.triphobo.com/tripplans/san-antonio/itinerary-from-austin-5820e3f04e82310c1a000114,4
4 Days,4 Days Trip to austin,https://www.triphobo.com/tripplans/austin/itinerary-from-austin-57c1d1265fec37d30b002d2f,2
2 Days,2 Days Trip to austin,https://www.triphobo.com/tripplans/austin/itinerary-from-austin-57c1d1305fec379a6400203b,2
1 Day,1 Day Trip to austin,https://www.triphobo.com/tripplans/austin/itinerary-from-austin-57c1d1355fec3738590022ea,1
