name,days,views,url
Manchester Itinerary 7 Days,7 Days,150475,https://www.triphobo.com/tripplans/manchester-itinerary-7-days
Manchester Itinerary 5 Days,5 Days,138369,https://www.triphobo.com/tripplans/manchester-itinerary-5-days
Manchester Itinerary 3 Days,3 Days,128408,https://www.triphobo.com/tripplans/manchester-itinerary-3-days
Manchester Itinerary 4 Days,4 Days,125412,https://www.triphobo.com/tripplans/manchester-itinerary-4-days
Manchester Itinerary 6 Days,6 Days,92398,https://www.triphobo.com/tripplans/manchester-itinerary-6-days
Manchester Itinerary 2 Days,2 Days,80286,https://www.triphobo.com/tripplans/manchester-itinerary-2-days
Manchester Itinerary 1 Day,1 Day,70304,https://www.triphobo.com/tripplans/manchester-itinerary-1-day
"27 Day Trip to Manchester, Amsterdam from Toronto",27 Days,1695,https://www.triphobo.com/tripplans/manchester-amsterdam-trip-from-toronto-54f3357af9c2e5154c00032f
"15 Day Trip to Manchester, Cambridge from Northampton",15 Days,1609,https://www.triphobo.com/tripplans/manchester-cambridge-trip-from-northampton-5517b1040c1d0aad6f00029a
"21 Day Trip to Manchester, Amsterdam from Toronto",21 Days,1475,https://www.triphobo.com/tripplans/manchester-amsterdam-trip-from-toronto-54f34c22e70545cc7300015d
20 Day Trip to Europe from Frankfurt,20 Days,1414,https://www.triphobo.com/tripplans/europe-trip-from-frankfurt-5580ac9ffac2e57e4500035e
"Trip to London, Edinburgh, Manchester, Cambridge, Bath, Oxford, Blackpool, Birmingham, Sheffield, Llandudno",20 Days,1413,https://www.triphobo.com/tripplans/united-kingdom-trip-plan-55a7a8b0ef616ebb05000831
13 Day Trip to United Kingdom from Mumbai,13 Days,1343,https://www.triphobo.com/tripplans/united-kingdom-trip-from-mumbai-550fb243f9c2e5ff62000682
"Trip to Baltimore, Washington D. C., London, New York City, Glasgow, Boston, Manchester, Blackpool, Virginia Beach",19 Days,1076,https://www.triphobo.com/tripplans/united-kingdom-united-states-trip-from-lahore-55a3c291fbc2e5485f000360
"Trip to London, Glasgow, Dublin, Madrid, Manchester, Dubai",14 Days,1060,https://www.triphobo.com/tripplans/asia-europe-trip-from-dunedin-55b1bac8ef616ecb1b00123b
"Trip to Las Vegas, Rio De Janeiro, Miami, New York City, Valletta, Prague, Cancun, Manchester, Kailua-kona",20 Days,1054,https://www.triphobo.com/tripplans/north-america-south-america-europe-trip-from-manchester-55d1f6c56446cb6a0500001f
6 Day Trip to Manchester from Hong Kong,6 Days,949,https://www.triphobo.com/tripplans/manchester-itinerary-54523ed7e705452b280000df
"Trip to Paris, Rome, London, Edinburgh, Galway, Dublin, Manchester, Liverpool, Donegal, Kilkenny",20 Days,948,https://www.triphobo.com/tripplans/europe-trip-from-brisbane-55e02fc700fc94973f0002c7
"Trip to Paris, London, Manchester",10 Days,923,https://www.triphobo.com/tripplans/london-manchester-paris-trip-from-kuala-lumpur-551889b1fbc2e5341f0002eb
"Trip to Paris, London, Edinburgh, Dublin, Manchester",15 Days,922,https://www.triphobo.com/tripplans/united-kingdom-france-ireland-trip-from-melbourne-5582556ffac2e54830000709
Trip to London,11 Days,860,https://www.triphobo.com/tripplans/london-trip-from-chennai-55b065edf3a73d9334001103
"Trip to London, Edinburgh, Glasgow, Dublin, Manchester, Cardiff, Killarney",17 Days,811,https://www.triphobo.com/tripplans/united-kingdom-ireland-trip-from-bangalore-55ae2f81ef616e470100008f
Uniting At Manchester,1 Day,776,https://www.triphobo.com/tripplans/1-day-manchester-tour-itinerary
"Trip to Paris, London, Munich, Brussels, Zurich, Amsterdam, Manchester, Heidelberg, Lucerne, Interlaken",27 Days,774,https://www.triphobo.com/tripplans/europe-trip-from-coimbatore-55f536d87a45cb171100002e
"Trip to Vienna, London, Munich, Prague, Manchester",15 Days,765,https://www.triphobo.com/tripplans/europe-trip-from-bangalore-55cf4ebcf3a73d2f58000487
"Trip to London, Edinburgh, Dublin, Barcelona, Manchester, Belfast, Cardiff",17 Days,756,https://www.triphobo.com/tripplans/spain-united-kingdom-ireland-trip-from-madrid-55d502d1a6e4d049040002c0
"Trip to Paris, London, Glasgow, Dublin, Manchester",13 Days,731,https://www.triphobo.com/tripplans/france-united-kingdom-ireland-trip-from-san-diego-55970af0f9c2e5e259000189
"Trip to Paris, Berlin, Vienna, London, Manchester",20 Days,702,https://www.triphobo.com/tripplans/europe-trip-from-seoul-55326bd80c1d0ab24000020a
"Trip to Paris, Brussels, Amsterdam, Manchester, Aalborg",17 Days,649,https://www.triphobo.com/tripplans/europe-trip-from-manila-55af400c00fc948413000860
"Trip to London, Edinburgh, Manchester, York",17 Days,625,https://www.triphobo.com/tripplans/united-kingdom-trip-from-singapore-55d2f0826446cbe5050002ee
"Trip to London, Leeds, Edinburgh, Manchester, Bath, Exeter, Liverpool, Aberdeen, Plymouth, Isle Of Skye",15 Days,623,https://www.triphobo.com/tripplans/united-kingdom-itinerary-from-delhi-55fd1aff8527a50d290003b1
"Trip to London, Manchester, Cambridge, York, Oxford, Blackpool, Birmingham, Torquay, Sheffield, Scarborough",10 Days,603,https://www.triphobo.com/tripplans/united-kingdom-trip-from-coventry-55b80d0819a23c490e000ab4
"Trip to London, Edinburgh, Manchester, Cambridge, York, Bath, Oxford, Nottingham, Belfast, Birmingham",10 Days,596,https://www.triphobo.com/tripplans/united-kingdom-trip-from-singapore-55dc6269769e4c017b00003c
"Trip to Paris, London, Edinburgh, Prague, Manchester, Cambridge",14 Days,577,https://www.triphobo.com/tripplans/united-kingdom-france-czech-republic-trip-from-delhi-55a63a7d4715a7740500002c
"Trip to Paris, Berlin, Venice, London, Athens, Barcelona, Madrid, Manchester, Copenhagen, Warsaw",20 Days,574,https://www.triphobo.com/tripplans/europe-trip-from-frankfurt-5581b12df9c2e53a180007aa
"Trip to Paris, London, Edinburgh, Glasgow, Prague, Manchester",15 Days,565,https://www.triphobo.com/tripplans/united-kingdom-france-czech-republic-trip-from-delhi-55a602f03efc94140e000061
"Trip to Berlin, Rome, Venice, London, Florence, Munich, Athens, Amsterdam, Manchester, Santorini",36 Days,562,https://www.triphobo.com/tripplans/europe-itinerary-from-paris-560092af8527a5ee160017ba
"Trip to Paris, Rome, Venice, London, Munich, Barcelona, Madrid, Manchester, Engelberg",10 Days,553,https://www.triphobo.com/tripplans/europe-trip-from-kolkata-55d73bafa5e4d0325400066c
"Trip to London, Manchester",20 Days,498,https://www.triphobo.com/tripplans/manchester-london-trip-from-glasgow-5553c7cef9c2e5503800076e
"Trip to London, Manchester, Oxford, Birmingham, Dunvegan",10 Days,471,https://www.triphobo.com/tripplans/united-kingdom-trip-plan-55dfe9e7f3a73ddc4e000012
Trip to London,10 Days,465,https://www.triphobo.com/tripplans/london/itinerary-from-istanbul-567fe596a6d46d9712000537
Trip to Manchester,7 Days,462,https://www.triphobo.com/tripplans/manchester-trip-plan-6-days
Three Days In Manchester - Laid Back Itinerary,3 Days,453,https://www.triphobo.com/tripplans/manchester-trip-from-cambridge-547ebcdcfbc2e50346000b1b
"Trip to London, Manchester",11 Days,451,https://www.triphobo.com/tripplans/london-manchester-trip-from-barking-55353bb1fbc2e56d4e000556
UK,7 Days,450,https://www.triphobo.com/tripplans/london-manchester-bath-trip-from-mumbai-552469650c1d0a857c0000cf
"Trip to London, Glasgow, Manchester, Bath, Liverpool, Cardiff, Llandudno, Montgomery, Cumbria, Isle Of Skye",22 Days,421,https://www.triphobo.com/tripplans/united-kingdom-itinerary-from-toronto-56fc4b52a6d0bef25d000d25
Six Days Trip to London And Manchester,6 Days,415,https://www.triphobo.com/tripplans/london-manchester-trip-from-mumbai-552403e8e705459b750001e7
"Trip to London, Edinburgh, Manchester, Cambridge, Oxford, Birmingham, Cardiff",10 Days,408,https://www.triphobo.com/tripplans/united-kingdom-trip-plan-55b9ceda531f71dd2f000613
"Trip to London, Leeds, Edinburgh, Bristol, Manchester, Bath, Liverpool, Southampton, Plymouth",27 Days,386,https://www.triphobo.com/tripplans/united-kingdom-itinerary-from-jakarta-56ddd68b8427a56f22000fea
"Trip to Paris, London, Amsterdam, Manchester",17 Days,379,https://www.triphobo.com/tripplans/france-netherlands-united-kingdom-trip-from-vancouver-55a6e6ef4615a7b2050002a8
"Trip to Berlin, London, Manchester, Frankfurt",16 Days,377,https://www.triphobo.com/tripplans/united-kingdom-germany-trip-from-santa-catarina-55da3361f3a73dcc3700033d
"Trip to London, Glasgow, Dublin, Manchester",12 Days,364,https://www.triphobo.com/tripplans/united-kingdom-ireland-trip-from-bucharest-552a30edf9c2e55f0b00018b
"Two Days Trip To Manchester Filled With Art, Culture And Game",2 Days,363,https://www.triphobo.com/tripplans/manchester-trip-from-blackpool-547eb2cde70545aa0400008e
"Trip to Paris, Rome, London, Florence, Munich, Barcelona, Oslo, Manchester, Palermo, Mykonos",20 Days,350,https://www.triphobo.com/tripplans/europe-trip-from-fayetteville-55e1ee3aa5e4d0aa03000409
"Trip to London, Edinburgh, Dublin, Manchester, Liverpool, Isle Of Skye",12 Days,347,https://www.triphobo.com/tripplans/united-kingdom-ireland-itinerary-from-delhi-563dc39b9bd33ead670007b1
"Trip to Bath, Oxford",9 Days,341,https://www.triphobo.com/tripplans/bath-oxford-trip-from-london-5582836afbc2e5503700134d
"Trip to Paris, London, Edinburgh, Brussels, Amsterdam, Manchester, Belfast",15 Days,331,https://www.triphobo.com/tripplans/europe-itinerary-from-albuquerque-5605b0368bd56dfd6e000436
"Trip to Paris, London, Cannes, Edinburgh, Nice, Amsterdam, Manchester, Cambridge, Birmingham",15 Days,330,https://www.triphobo.com/tripplans/united-kingdom-france-netherlands-trip-from-bangalore-557dbfe5f9c2e55457000688
"Trip to Paris, Rome, Venice, Salzburg, London, Florence, Vatican City, Manchester, Dusseldorf, Lucerne",23 Days,325,https://www.triphobo.com/tripplans/europe-itinerary-562efc083216f531620000ab
Northern England Trip,12 Days,313,https://www.triphobo.com/tripplans/united-kingdom-itinerary-from-warrenton-55fef2ca0acdbe5605000088
"Trip to London, Manchester, Cambridge, Bath, Liverpool, Southampton",17 Days,310,https://www.triphobo.com/tripplans/united-kingdom-itinerary-from-melbourne-55f7ed8a9047190f67000501
"Trip to Paris, Berlin, Rome, Vienna, London, Manchester",19 Days,306,https://www.triphobo.com/tripplans/europe-itinerary-from-kansas-city-56183b4a86ccbe482400007f
"Trip to Paris, London, Munich, Zurich",9 Days,300,https://www.triphobo.com/tripplans/europe-trip-from-kolkata-55d5f025a6e4d0862c000023
"Trip to Paris, Rome, Venice, London, Edinburgh, Brussels, Athens, Dublin, Barcelona, Manchester",12 Days,297,https://www.triphobo.com/tripplans/europe-itinerary-from-houston-5645d11e8e1f71011200032f
"Trip to Paris, Berlin, Rome, Venice, London, Florence, Dublin, Amsterdam, Manchester",34 Days,291,https://www.triphobo.com/tripplans/europe-itinerary-from-atlanta-5625521ebb69284470001ba1
"Trip to Paris, London, Edinburgh, Glasgow, Manchester",10 Days,290,https://www.triphobo.com/tripplans/united-kingdom-france-trip-from-chennai-557bc9abf9c2e59659000cd7
"Trip to Paris, Rome, London, Leeds, Florence, Manchester, Bath, Angers, Liverpool, Reims",30 Days,288,https://www.triphobo.com/tripplans/united-kingdom-france-italy-itinerary-from-perth-5608b8010cc472e377000836
"Trip to London, Edinburgh, Manchester",6 Days,286,https://www.triphobo.com/tripplans/london-edinburgh-manchester-trip-plan-55265c570c1d0a4d3b00014c
"Trip to Rome, Venice, London, Florence, Manchester, Bergamo, Dubai",25 Days,284,https://www.triphobo.com/tripplans/italy-united-kingdom-united-arab-emirates-itinerary-from-canberra-56a352c9d34719033f00020c
"Trip to London, Edinburgh, Manchester",20 Days,280,https://www.triphobo.com/tripplans/london-edinburgh-manchester-trip-from-mumbai-556cab71fbc2e5e93800059d
"Trip to London, Edinburgh, Glasgow, Manchester, Cambridge, York, Bath, Oxford, Cardiff, Llandudno",10 Days,279,https://www.triphobo.com/tripplans/united-kingdom-trip-from-bangalore-55b48e5700fc94ef1200012c
"Trip to London, Sydney, Manchester, Dubai",15 Days,273,https://www.triphobo.com/tripplans/united-kingdom-united-arab-emirates-australia-trip-from-sydney-5535b566fbc2e5f665000802
Trip to London,2 Days,272,https://www.triphobo.com/tripplans/london-trip-from-melbourne-5483e0830c1d0a6753000109
"Trip to Paris, London, Edinburgh, Cork, Manchester",15 Days,271,https://www.triphobo.com/tripplans/united-kingdom-france-ireland-trip-from-melbourne-558254c7fac2e58c3000073d
"Trip to Tokyo, Las Vegas, London, Leeds, Los Angeles, New York City, Orlando, San Francisco, Manchester, Penang Hill",58 Days,263,https://www.triphobo.com/tripplans/europe-north-america-asia-itinerary-56464584a6d46d0e06000808
"Trip to Edinburgh, Manchester, Cambridge, Bath, Nottingham, Liverpool, Birmingham, Newcastle Upon Tyne",21 Days,258,https://www.triphobo.com/tripplans/united-kingdom-itinerary-from-london-56423c9ea6d46d8149000131
"Trip to Manchester, Cambridge, York, Oxford",4 Days,254,https://www.triphobo.com/tripplans/united-kingdom-trip-from-washington-d-c-55cb199a00fc94340b0011c9
Trip to Manchester,1 Day,246,https://www.triphobo.com/tripplans/manchester-itinerary-535492afe70545bd5d000003
"Trip to London, Glasgow, Galway, Dublin",14 Days,243,https://www.triphobo.com/tripplans/united-kingdom-ireland-trip-from-brisbane-5572124ef9c2e50411000372
"Trip to Paris, Santorini, Ibiza",11 Days,241,https://www.triphobo.com/tripplans/paris-santorini-ibiza-trip-from-manchester-55784722fbc2e5965c000ad4
"Trip to Paris, London, Brussels, Amsterdam, Manchester, Frankfurt",8 Days,240,https://www.triphobo.com/tripplans/europe-itinerary-from-tampa-56754e4a85e482a30a000313
"Trip to Paris, London, Milan, Zurich",59 Days,234,https://www.triphobo.com/tripplans/europe-itinerary-from-delhi-562e4ac53216f5eb010000c7
"Trip to London, Copenhagen, Tromso",16 Days,229,https://www.triphobo.com/tripplans/europe-itinerary-from-singapore-56de7ce66ad56d8f6c00016f
"32 Day Trip to United Kingdom, Italy, Croatia, Montenegro, Bosnia Herzegovina from Washington D. C.",32 Days,227,https://www.triphobo.com/tripplans/europe-itinerary-from-washington-d-c-57373f674e8231f811000d03
"Trip to Manchester, Copenhagen, Warsaw",19 Days,223,https://www.triphobo.com/tripplans/copenhagen-manchester-warsaw-trip-from-bellingham-55cbcd8a00fc942973000244
"Trip to Paris, Rome, London, Munich, Edinburgh, Dublin, Amsterdam, Lisbon, Manchester, Frankfurt",27 Days,223,https://www.triphobo.com/tripplans/europe-itinerary-from-hyderabad-56cd38818427a5a021000233
"Trip to London, Edinburgh, Manchester",20 Days,222,https://www.triphobo.com/tripplans/london-manchester-edinburgh-trip-from-muscat-5561513bf9c2e5977600006a
"Trip to London, Manchester, Birmingham",11 Days,211,https://www.triphobo.com/tripplans/manchester-birmingham-london-trip-plan-554819c3fbc2e5436300066a
"Trip to London, Edinburgh, Glasgow, Manchester",7 Days,211,https://www.triphobo.com/tripplans/united-kingdom-trip-from-brussels-559fe619fbc2e51b73000141
Trip to Manchester,2 Days,202,https://www.triphobo.com/tripplans/manchester-trip-from-belfast-55408524f9c2e5465b000114
"Trip to New York City, Manchester, Quebec, Niagara Falls",12 Days,194,https://www.triphobo.com/tripplans/canada-united-states-united-kingdom-trip-from-toronto-55bd126b521f71ac070000b6
"Trip to London, Edinburgh, Cork, Dublin, Limerick, Manchester, Bath, Liverpool, Westport, Kilkenny",17 Days,190,https://www.triphobo.com/tripplans/united-kingdom-ireland-itinerary-from-delhi-562e9bf19bd33e2f4a0002a0
"Trip to London, Amsterdam, Manchester, Liverpool, Santorini",17 Days,190,https://www.triphobo.com/tripplans/greece-netherlands-united-kingdom-itinerary-from-kuala-lumpur-56c3f06b764719ab4e00061c
"Trip to Paris, London, Manchester",22 Days,186,https://www.triphobo.com/tripplans/london-manchester-paris-itinerary-from-singapore-56877a918527a56233000621
"Trip to Manchester, Bath, Oxford",7 Days,184,https://www.triphobo.com/tripplans/manchester-bath-oxford-itinerary-from-london-568fbfd79bd33e222b0000a8
"Trip to London, Edinburgh, Glasgow, Manchester, Bath, Nottingham, Liverpool, Isle Of Skye",12 Days,183,https://www.triphobo.com/tripplans/united-kingdom-itinerary-from-delhi-56500e0785e482875f000073
"Trip to London, Manchester, Cambridge, Bath, Oxford, Exeter, Canterbury, Birmingham, Plymouth, Sheffield",15 Days,183,https://www.triphobo.com/tripplans/united-kingdom-itinerary-from-toronto-56874b6169ab716231000888
"Trip to Edinburgh, Glasgow, Manchester, York, Birmingham",12 Days,182,https://www.triphobo.com/tripplans/united-kingdom-trip-from-london-55d027f2a6e4d0eb06000096
"Trip to Paris, Brussels, Amsterdam, Manchester",7 Days,180,https://www.triphobo.com/tripplans/europe-trip-from-mumbai-55b7174b00fc9468360003b9
"Trip to London, Leeds, Edinburgh, Manchester, Liverpool, Southampton, Isle Of Skye",10 Days,176,https://www.triphobo.com/tripplans/united-kingdom-itinerary-from-kolkata-5613db5b8427a5d717000b0c
Europe,10 Days,175,https://www.triphobo.com/tripplans/north-america-europe-itinerary-from-sacramento-5608abf7f7ca70824a000534
"Trip to London, Edinburgh, Manchester, York",14 Days,168,https://www.triphobo.com/tripplans/united-kingdom-trip-from-las-vegas-55cebb7e00fc94472e000427
"Trip to London, Edinburgh, Dublin, Manchester",33 Days,166,https://www.triphobo.com/tripplans/ireland-united-kingdom-itinerary-from-sydney-56f751088427a5da48001bd1
"Trip to Limerick, Barcelona, Prague, Lisbon, Manchester, Oxford",42 Days,164,https://www.triphobo.com/tripplans/europe-itinerary-from-abu-dhabi-56b87f0f76471901320008db
"Trip to London, Manchester, Liverpool, Southampton, Birmingham",15 Days,163,https://www.triphobo.com/tripplans/united-kingdom-itinerary-from-hyderabad-55ffc0638527a5f5160011c8
"Trip to London, Edinburgh, Manchester, Cambridge, Bath, Oxford, Canterbury, Birmingham, Cardiff, Isle Of Skye",14 Days,163,https://www.triphobo.com/tripplans/united-kingdom-itinerary-from-kolkata-56b5d5a18e4719b70d0003a9
Trip to Manchester,4 Days,158,https://www.triphobo.com/tripplans/manchester-trip-plan-552a2a0df9c2e5ab120000f5
"Trip to Paris, London, Edinburgh, Glasgow, Manchester, York",11 Days,155,https://www.triphobo.com/tripplans/united-kingdom-france-itinerary-from-dubai-563b63c18a46cb9d2c000154
"Trip to London, Edinburgh, Glasgow, Galway, Dublin, Limerick, Manchester, Liverpool, Kilkenny, Killarney",15 Days,155,https://www.triphobo.com/tripplans/ireland-united-kingdom-itinerary-from-toronto-564f729e8a46cbb157000d18
"Trip to Paris, London, Edinburgh, Zurich, Amsterdam, Bristol, Manchester, Lucerne, Isle Of Skye",10 Days,155,https://www.triphobo.com/tripplans/europe-itinerary-from-pune-569c8f698427a5ef4f0005cf
"Trip to Ko Samui, Bangkok, Sydney, Cairns, Brisbane, Gold Coast, Manchester, Dubai",24 Days,155,https://www.triphobo.com/tripplans/asia-oceania-europe-itinerary-56abe6a1b969280d5300043c
12 Day Trip to United Kingdom from Bayan Lepas,12 Days,154,https://www.triphobo.com/tripplans/united-kingdom-itinerary-from-bayan-lepas-572f372b4e8231c3730009c4
Trip to Manchester,4 Days,150,https://www.triphobo.com/tripplans/manchester-trip-from-boston-55992975fac2e51b4e0001f2
"Trip to London, Manchester",13 Days,150,https://www.triphobo.com/tripplans/manchester-london-itinerary-from-chicago-5648e2f08527a5137e000507
Manchester's Top Attractions In One Day - Family Trip,1 Day,147,https://www.triphobo.com/tripplans/manchester-trip-from-london-547eaea4f9c2e5534a00074b
"Trip to London, Manchester, Cambridge, Oxford, Liverpool, Birmingham, Brighton",12 Days,147,https://www.triphobo.com/tripplans/united-kingdom-united-states-itinerary-from-bath-56763bd29bd33ef056000031
"Trip to London, Edinburgh, Manchester, Bath",29 Days,144,https://www.triphobo.com/tripplans/united-kingdom-itinerary-56b911fadd853a670100005c
"Trip to London, Glasgow, Manchester",9 Days,141,https://www.triphobo.com/tripplans/london-manchester-glasgow-itinerary-from-delhi-56122fe386ccbe7d2b000bbb
"Trip to London, Edinburgh, Manchester",10 Days,140,https://www.triphobo.com/tripplans/london-edinburgh-manchester-itinerary-from-mumbai-567da20885e4823f0f0003a5
"Trip to Paris, Rome, Venice, London, Munich, Pisa, Zurich, Amsterdam, Manchester",14 Days,140,https://www.triphobo.com/tripplans/europe-itinerary-from-delhi-56a8bc188527a5cc1a0003bd
"Trip to Paris, London, Munich, Amsterdam, Manchester, Liverpool",19 Days,137,https://www.triphobo.com/tripplans/europe-itinerary-from-chicago-56ba4b6d8527a5ef19000bbb
"Trip to Paris, London, Brussels, Amsterdam",17 Days,133,https://www.triphobo.com/tripplans/europe-itinerary-from-london-569f963285e482a11c000c5e
"Trip to Brussels, Amsterdam, Prague, Manchester",5 Days,130,https://www.triphobo.com/tripplans/europe-trip-from-london-55ceec1ccd2e077c5a0003e2
"Trip to London, Manchester",5 Days,125,https://www.triphobo.com/tripplans/manchester-london-itinerary-from-sheffield-568926b99fbb3da80e000005
"Trip to London, Glasgow, Manchester, Oxford",8 Days,124,https://www.triphobo.com/tripplans/united-kingdom-trip-plan-55d432e9f3a73d252a0004ac
"Trip to London, Leeds, Bristol, Manchester, Oxford, Southampton, Newcastle Upon Tyne, Torquay",10 Days,123,https://www.triphobo.com/tripplans/united-kingdom-itinerary-from-glasgow-564687a89bd33eca1d000162
"Trip to London, Dallas, New York City, Manchester",20 Days,122,https://www.triphobo.com/tripplans/united-kingdom-united-states-trip-from-dubai-5571c24efac2e5c96b00045d
"Trip to London, Manchester, Bath, Exeter, Canterbury",5 Days,121,https://www.triphobo.com/tripplans/united-kingdom-itinerary-from-denmark-5615e10a8527a55c24000ba2
"Trip to Singapore, Tokyo, Manchester, Honolulu, Frankfurt",14 Days,119,https://www.triphobo.com/tripplans/asia-europe-north-america-itinerary-from-melbourne-56a433e22a4b19093d00049b
"Trip to Glasgow, Manchester",15 Days,116,https://www.triphobo.com/tripplans/manchester-glasgow-trip-from-manchester-557a742af9c2e52138000194
"Trip to London, Manchester",17 Days,116,https://www.triphobo.com/tripplans/london-manchester-trip-from-san-diego-55a01d73dd2a9ef65f000000
"Trip to London, Manchester, Canterbury, Liverpool",9 Days,114,https://www.triphobo.com/tripplans/united-kingdom-itinerary-568def2d8946cb5006000005
Trip to Manchester,3 Days,112,https://www.triphobo.com/tripplans/manchester-trip-from-london-55266de5fbc2e5c0280002d4
"Trip to London, Manchester",15 Days,112,https://www.triphobo.com/tripplans/london-manchester-trip-from-bangkok-55e3115700fc94917a00016d
"Trip to London, Leeds, Manchester, Bath, Exeter, Liverpool",6 Days,112,https://www.triphobo.com/tripplans/united-kingdom-itinerary-561018aebb6928e52b00021b
"54 Day Trip to Europe, Asia, Oceania, South America from Yucaipa",54 Days,112,https://www.triphobo.com/tripplans/world-tour-itinerary-from-yucaipa-571ae4ae4e8231aa500009f7
"Trip to London, Amsterdam, Manchester",8 Days,111,https://www.triphobo.com/tripplans/amsterdam-london-manchester-itinerary-from-mumbai-5607fef64e7a6fb446000292
"Trip to London, Leeds, Delhi, Edinburgh, Manchester, Bath, Liverpool, Plymouth, Isle Of Skye",11 Days,111,https://www.triphobo.com/tripplans/united-kingdom-india-itinerary-from-delhi-56d1bfc869d56d3518001099
"Trip to London, Manchester, Birmingham",15 Days,108,https://www.triphobo.com/tripplans/manchester-birmingham-london-trip-from-liverpool-558b2a68fbc2e5a04d000910
"Trip to London, Edinburgh, Manchester, Cardiff",8 Days,106,https://www.triphobo.com/tripplans/united-kingdom-trip-from-raleigh-55cbaafbcd2e07eb050000ee
"Trip to London, Edinburgh, Manchester, Birmingham",14 Days,102,https://www.triphobo.com/tripplans/united-kingdom-trip-from-ottawa-559e7724f9c2e5636100032a
"Trip to London, Edinburgh, Manchester, Bath, Liverpool",8 Days,101,https://www.triphobo.com/tripplans/united-kingdom-itinerary-from-texarkana-564b8b58544719600600003a
"Trip to Paris, Berlin, Brussels, Amsterdam, Dubrovnik, Manchester, Budapest, Warsaw",24 Days,101,https://www.triphobo.com/tripplans/europe-itinerary-from-athens-56c894de754719db46000813
"Trip to Paris, Rome, London, Zurich, Manchester",9 Days,96,https://www.triphobo.com/tripplans/europe-trip-from-bangalore-559b8732fbc2e5716e000598
"Trip to Edinburgh, Manchester",3 Days,95,https://www.triphobo.com/tripplans/manchester-edinburgh-itinerary-from-saint-louis-567f536985e482ac0e000498
"Trip to London, Leeds, Edinburgh, Bristol, Manchester, Cambridge, York, Oxford, Liverpool, Isle Of Skye",10 Days,95,https://www.triphobo.com/tripplans/united-kingdom-itinerary-56e47c2c8427a58561000299
"Trip to London, Leeds, Edinburgh, Glasgow, Manchester, Liverpool",11 Days,94,https://www.triphobo.com/tripplans/united-kingdom-itinerary-from-toronto-569d39d5a6d46d701300007b
"Trip to London, Edinburgh, Manchester",11 Days,94,https://www.triphobo.com/tripplans/manchester-edinburgh-london-itinerary-from-secunderabad-56ee4d388427a5282b000a59
"Trip to London, Leeds, Manchester, Liverpool",4 Days,93,https://www.triphobo.com/tripplans/united-kingdom-itinerary-from-orange-5607a18c4e7a6f8046000115
"Trip to Rome, Venice, London, Florence, Manchester, Bergamo, Dubai",18 Days,93,https://www.triphobo.com/tripplans/italy-united-kingdom-united-arab-emirates-itinerary-from-canberra-56a484bfc8ed6ea6310000c2
"Trip to New York City, Boston, Manchester",10 Days,92,https://www.triphobo.com/tripplans/new-york-city-boston-manchester-trip-from-manchester-55bf7feaf3a73dd01c000733
"Trip to London, Manchester, Liverpool, Southampton",4 Days,92,https://www.triphobo.com/tripplans/united-kingdom-itinerary-from-indianapolis-56169caa86ccbe3e2f00016c
"Trip to Vienna, London, Manchester, Hallstatt, Villach",15 Days,92,https://www.triphobo.com/tripplans/united-kingdom-austria-itinerary-from-bangalore-56d6ba798427a5e548000c1a
38 Day Trip to United Kingdom from Atlanta,38 Days,92,https://www.triphobo.com/tripplans/united-kingdom-itinerary-from-atlanta-575c94388427a5766d001aad
"Trip to London, Edinburgh, Manchester",7 Days,91,https://www.triphobo.com/tripplans/london-edinburgh-manchester-itinerary-from-mumbai-5678d6e9a6d46d29710003ee
"Trip to London, Delhi, Zurich, Manchester",15 Days,90,https://www.triphobo.com/tripplans/united-kingdom-switzerland-india-trip-from-delhi-55c7695519a23cb35f000177
"Trip to London, Manchester",4 Days,90,https://www.triphobo.com/tripplans/london-manchester-itinerary-from-chennai-568f5c338527a567020001fa
"Trip to London, Manchester, Bath, Liverpool",4 Days,89,https://www.triphobo.com/tripplans/united-kingdom-itinerary-5607e2358427a5f30e0001c5
Trip to Manchester,7 Days,87,https://www.triphobo.com/tripplans/manchester-trip-from-stevenage-5549df27f9c2e54f5c00003e
"Trip to London, Dublin, Manchester, Cambridge",8 Days,87,https://www.triphobo.com/tripplans/united-kingdom-ireland-trip-from-dublin-55e482039006701a65000937
"Trip to Paris, London, Milan, Amsterdam, Manchester",9 Days,86,https://www.triphobo.com/tripplans/europe-itinerary-from-kota-kinabalu-56b446098427a56746000b9a
20 Day Trip to United Kingdom from Dublin,20 Days,85,https://www.triphobo.com/tripplans/united-kingdom-itinerary-from-dublin-57496e434e8231824b00008b
"Trip to London, Manchester, Liverpool",3 Days,84,https://www.triphobo.com/tripplans/london-manchester-liverpool-itinerary-560985d78427a57203000e7f
"Trip to Paris, Venice, London, Florence, Munich, Pisa, Manchester, Exeter, Freiburg Im Breisgau, Vernazza",22 Days,84,https://www.triphobo.com/tripplans/europe-itinerary-from-sydney-569849b69bd33efd20000ac8
"Trip to London, Edinburgh, Manchester, Bath",7 Days,84,https://www.triphobo.com/tripplans/united-kingdom-itinerary-from-pune-569b1c3f9bd33e4a0b000072
"Trip to London, Copenhagen, Tromso",16 Days,83,https://www.triphobo.com/tripplans/denmark-united-kingdom-norway-itinerary-from-singapore-56d7ca0b8427a59b5800073c
"Trip to London, Manchester, Birmingham, Cumbria",7 Days,82,https://www.triphobo.com/tripplans/united-kingdom-itinerary-from-glasgow-56a4ab6e764719c63b000233
"Trip to London, Brussels, Bern, Amsterdam, Manchester, Dubai",24 Days,82,https://www.triphobo.com/tripplans/asia-europe-itinerary-from-johannesburg-56b8f28d904719f944000518
"21 Day Trip to London, Leeds, Manchester, Winchester, Liverpool from Casa Grande",21 Days,82,https://www.triphobo.com/tripplans/united-kingdom-itinerary-from-casa-grande-573c177e4e8231ed7b002096
44 Day Trip to United Kingdom from Auckland,44 Days,81,https://www.triphobo.com/tripplans/united-kingdom-itinerary-from-auckland-575f86008427a50015000baf
"Trip to London, Edinburgh, Manchester, Oxford, Aberdeen, Inverness",15 Days,80,https://www.triphobo.com/tripplans/united-kingdom-itinerary-from-delhi-5634a95b5d31b9f67b000213
"Trip to London, Edinburgh, Manchester",6 Days,79,https://www.triphobo.com/tripplans/edinburgh-manchester-london-itinerary-from-vantaa-56759c6f8527a50b6400023d
"Trip to London, Edinburgh, Manchester, Birmingham",14 Days,78,https://www.triphobo.com/tripplans/united-kingdom-trip-from-ottawa-559e7fdadd2a9e4205000031
"Trip to Paris, Rome, Venice, London, Florence, Nice, Milan, Madrid, Manchester, Leicestershire",23 Days,78,https://www.triphobo.com/tripplans/europe-itinerary-from-atlanta-56f198c069d56dbf52001004
"Trip to Pune, London, Manchester",8 Days,77,https://www.triphobo.com/tripplans/london-manchester-pune-trip-from-pune-55967294fac2e5d26b00026c
Trip to Manchester,7 Days,75,https://www.triphobo.com/tripplans/manchester-trip-from-stevenage-5549dfedfbc2e5ab5d000049
"Trip to London, Manchester, Liverpool, Southampton",4 Days,75,https://www.triphobo.com/tripplans/united-kingdom-itinerary-from-indianapolis-56169d6286ccbee3720005cf
"Trip to Leeds, Edinburgh, Manchester, Liverpool, Newcastle Upon Tyne",8 Days,75,https://www.triphobo.com/tripplans/united-kingdom-itinerary-from-london-56423fa25d31b9631100003d
Trip to Manchester,1 Day,75,https://www.triphobo.com/tripplans/manchester/itinerary-from-london-568d200e69ab710450000020
"Trip to London, Manchester",15 Days,74,https://www.triphobo.com/tripplans/london-manchester-itinerary-from-london-564dcaeea6d46d9826000943
"16 Day Trip to Paris, London, Manchester from Chicago",17 Days,74,https://www.triphobo.com/tripplans/london-manchester-paris-itinerary-from-chicago-575a1cb74e8231f2530002b3
42 Day Trip to United Kingdom from Bhopal,42 Days,74,https://www.triphobo.com/tripplans/united-kingdom-itinerary-from-bhopal-57635a484e82314710000110
"15 Day Trip to France, Italy, United Kingdom, Spain, Netherlands from Cairo",20 Days,73,https://www.triphobo.com/tripplans/europe-itinerary-from-kuwait-city-5787a06b4e8231583c000bf4
"Trip to Paris, Rome, London, Florence, Manchester",12 Days,71,https://www.triphobo.com/tripplans/france-italy-united-kingdom-itinerary-from-broken-arrow-56a7bd8c914719b63a001297
"Trip to Panaji, Sydney, Manchester",5 Days,69,https://www.triphobo.com/tripplans/manchester-panaji-sydney-itinerary-560228ca8f47193e4b0007df
"29 Day Trip to Egypt, United Kingdom, Ireland, Cyprus, Croatia from Balga",29 Days,69,https://www.triphobo.com/tripplans/europe-africa-itinerary-from-balga-5732d96c4e8231216500078d
"Trip to London, Manchester, Oxford, Winchester, Bournemouth, Liverpool, Southampton, Newcastle Upon Tyne, Whitby, Staffin",17 Days,69,https://www.triphobo.com/tripplans/united-kingdom-itinerary-from-hyderabad-5741d26a4e82312429000e19
Trip to Manchester,1 Day,68,https://www.triphobo.com/tripplans/manchester-trip-from-london-559fa325dd2a9e67160000dd
"Trip to Venice, Barcelona, Madrid, Amsterdam, Manchester",34 Days,68,https://www.triphobo.com/tripplans/europe-itinerary-from-amsterdam-5696048069ab714a100006a1
"5 Day Trip to Manchester, Oxford from London",5 Days,68,https://www.triphobo.com/tripplans/oxford-manchester-itinerary-from-london-5746d3824e82316343000b24
"Trip to London, Manchester, Cambridge, Oxford",8 Days,67,https://www.triphobo.com/tripplans/united-kingdom-trip-from-delhi-55bb3aed19a23c063c000c44
"Trip to Panaji, Sydney, Manchester",6 Days,67,https://www.triphobo.com/tripplans/manchester-panaji-sydney-itinerary-55ff8b848f47196b3e00013e
"13 Day Trip to London, Manchester from Sofia",13 Days,67,https://www.triphobo.com/tripplans/london-manchester-itinerary-from-sofia-57ffce204e82313144000121
"Trip to Panaji, Sydney, Manchester",6 Days,66,https://www.triphobo.com/tripplans/manchester-panaji-sydney-itinerary-55ff88d88427a5ff08000d48
"Trip to London, Manchester, Liverpool, Birmingham",5 Days,66,https://www.triphobo.com/tripplans/united-kingdom-itinerary-566134d78a46cb146d00062e
"26 Day Trip to France, Germany, United Kingdom from Hobart",26 Days,66,https://www.triphobo.com/tripplans/germany-france-united-kingdom-itinerary-from-hobart-5746844b4e82314360000e69
Trip to Manchester,2 Days,65,https://www.triphobo.com/tripplans/manchester-trip-from-manchester-554507e5f9c2e50854000317
"Trip to Leeds, Edinburgh, Glasgow, Manchester, York, Nottingham, Blackpool, Liverpool, Newcastle Upon Tyne, Sheffield",10 Days,65,https://www.triphobo.com/tripplans/united-kingdom-itinerary-from-leicester-5688ef238527a5cf120004d5
"Trip to London, Dublin, Manchester",15 Days,64,https://www.triphobo.com/tripplans/dublin-manchester-london-trip-from-toronto-558b35d4f9c2e54050000876
"Trip to London, Edinburgh, Manchester, Oxford",5 Days,64,https://www.triphobo.com/tripplans/united-kingdom-trip-plan-55ba231800fc9483560009fe
"Trip to Panaji, Sydney, Manchester",6 Days,64,https://www.triphobo.com/tripplans/manchester-panaji-sydney-itinerary-5600de49624acbd80500001d
"Trip to London, Edinburgh, Manchester, Canterbury",10 Days,64,https://www.triphobo.com/tripplans/united-kingdom-itinerary-from-nashville-56799dca9bd33e3040000119
"Trip to London, Manchester",14 Days,63,https://www.triphobo.com/tripplans/london-manchester-trip-from-mumbai-55a4aae8de2a9e190c000275
"Trip to Leeds, Manchester",1 Day,63,https://www.triphobo.com/tripplans/manchester-leeds-itinerary-5611ad7e8527a5332a0006fe
"Trip to London, Manchester",8 Days,63,https://www.triphobo.com/tripplans/manchester-london-itinerary-from-delhi-564d84e98a46cbd349000624
Trip to ,1 Day,62,https://www.triphobo.com/tripplans/manchester-trip-from-london-559f913ffac2e5f95000005a
"Trip to London, Manchester",9 Days,62,https://www.triphobo.com/tripplans/london-manchester-trip-from-hartford-55bff37c531f71e005000897
"Trip to Paris, Rome, London, Florence, Manchester, Manarola",22 Days,62,https://www.triphobo.com/tripplans/united-kingdom-france-italy-itinerary-from-singapore-5687d98785e4824d3c0002e3
Trip to Manchester,2 Days,61,https://www.triphobo.com/tripplans/manchester-trip-plan-556d0f11fbc2e5911900028d
"Trip to Dublin, Manchester, Birmingham",10 Days,61,https://www.triphobo.com/tripplans/manchester-birmingham-dublin-trip-from-london-55cc2ed7cd2e07b30500027e
"Trip to Paris, Rome, Venice, London, Zurich, Manchester, Lucerne",13 Days,61,https://www.triphobo.com/tripplans/europe-itinerary-from-delhi-569bbbcf8527a583210000f9
"Trip to London, Edinburgh, Manchester",8 Days,61,https://www.triphobo.com/tripplans/london-edinburgh-manchester-itinerary-from-pune-569eff4b85e4820d2f000c2d
"Trip to London, Edinburgh, Bristol, Manchester, Cambridge, Bath, Oxford, Liverpool, Newcastle Upon Tyne, Isle Of Skye",22 Days,61,https://www.triphobo.com/tripplans/united-kingdom-itinerary-from-delhi-573ee15c8427a5c639000183
"Trip to London, Edinburgh, Manchester, York, Bath, Belfast, Cardiff",12 Days,60,https://www.triphobo.com/tripplans/united-kingdom-itinerary-from-manchester-566803291bb75eaf0e0001ab
"Trip to Paris, Rome, London, Milan, Geneva, Madrid, Manchester",7 Days,60,https://www.triphobo.com/tripplans/europe-itinerary-56c4138b5acb707a0f000152
"Trip to London, Leeds, Edinburgh, Bristol, Manchester, Bath, Liverpool, Southampton, Plymouth",27 Days,60,https://www.triphobo.com/tripplans/united-kingdom-itinerary-from-jakarta-56d7278268d56d354a000abb
"Trip to London, Manchester, Birmingham",9 Days,59,https://www.triphobo.com/tripplans/london-manchester-birmingham-trip-from-mumbai-55926449fac2e55952000069
"Trip to Las Vegas, Orlando, Manchester",10 Days,59,https://www.triphobo.com/tripplans/las-vegas-orlando-manchester-trip-from-manchester-55b64dec1aa23c570a000030
"Trip to London, Edinburgh, Manchester",3 Days,59,https://www.triphobo.com/tripplans/london-edinburgh-manchester-itinerary-from-delhi-5613653986ccbef87700061f
"Trip to Leeds, Edinburgh, Bristol, Manchester, Liverpool",13 Days,59,https://www.triphobo.com/tripplans/united-kingdom-itinerary-from-london-56d428cc68d56db75d000202
24 Day Trip to United Kingdom from Buenos Aires,24 Days,59,https://www.triphobo.com/tripplans/united-kingdom-itinerary-from-buenos-aires-575485e94e82314e6f00079e
"29 Day Trip to France, Italy, United Kingdom, Germany, Switzerland from Leicester",29 Days,59,https://www.triphobo.com/tripplans/europe-itinerary-from-leicester-5756419c4e82313c1200134c
"12 Day Trip to London, Manchester, Bath, Liverpool from Salt Lake City",12 Days,59,https://www.triphobo.com/tripplans/united-kingdom-itinerary-from-salt-lake-city-577063254e82317f540004f8
"Trip to Paris, London, Manchester",7 Days,58,https://www.triphobo.com/tripplans/manchester-paris-london-trip-from-belfast-55a783ddef616e9018000142
"Trip to Paris, London, Manchester",9 Days,58,https://www.triphobo.com/tripplans/paris-london-manchester-trip-from-mumbai-55c05212f3a73dd91c000a8d
Trip to Manchester,4 Days,57,https://www.triphobo.com/tripplans/manchester-trip-from-jaipur-552f94c50c1d0a6006000b39
Trip to Manchester,5 Days,57,https://www.triphobo.com/tripplans/manchester-trip-plan-55e5a0652fcdbeb30500002f
"Trip to Panaji, Sydney, Manchester",6 Days,57,https://www.triphobo.com/tripplans/manchester-panaji-sydney-itinerary-55fe888d599a4cc205000023
"Trip to London, Bristol, Manchester, Liverpool, Cardiff",9 Days,57,https://www.triphobo.com/tripplans/united-kingdom-itinerary-from-denver-56391dc08527a5f132000287
"Trip to London, Edinburgh, Dublin, Manchester, York, Bath, Canterbury, Torquay, Isle Of Skye",24 Days,57,https://www.triphobo.com/tripplans/united-kingdom-ireland-itinerary-from-bangalore-56e9da9e68d56df92600008e
Trip to Manchester,1 Day,55,https://www.triphobo.com/tripplans/manchester-trip-from-delhi-5531f9aafbc2e5646a0005be
"Trip to Panaji, Sydney, Manchester",6 Days,55,https://www.triphobo.com/tripplans/manchester-panaji-sydney-itinerary-55ff9c718527a5294c0001bc
"Trip to Manchester, Brighton",7 Days,55,https://www.triphobo.com/tripplans/brighton-manchester-itinerary-from-london-5683454ba6d46de8730008ef
"17 Day Trip to London, Manchester, Cambridge, Bath, Winchester, Canterbury from Hollister",17 Days,55,https://www.triphobo.com/tripplans/united-kingdom-itinerary-from-hollister-571d296a8427a5174d000630
"15 Day Trip to Paris, London, Dublin, Manchester from Houston",15 Days,55,https://www.triphobo.com/tripplans/france-united-kingdom-ireland-itinerary-from-houston-573e42004e82315b6e0001b2
Trip to Manchester,2 Days,54,https://www.triphobo.com/tripplans/manchester-trip-plan-55efeec000fc94850b00009b
"32 Day Trip to United Kingdom, Ireland from Silvis",32 Days,54,https://www.triphobo.com/tripplans/ireland-united-kingdom-itinerary-from-silvis-573144454e82311e05000880
"Trip to Paris, London, Manchester",9 Days,54,https://www.triphobo.com/tripplans/london-manchester-paris-itinerary-from-delhi-5747c9714e8231c725002204
"Trip to Panaji, Sydney, Manchester",5 Days,53,https://www.triphobo.com/tripplans/manchester-panaji-sydney-itinerary-55fe569e8527a5071700013d
"Trip to Panaji, Sydney, Manchester",6 Days,53,https://www.triphobo.com/tripplans/manchester-panaji-sydney-itinerary-55fe9bd0ed796f7f7e00039d
"Trip to Panaji, Sydney, Manchester",6 Days,53,https://www.triphobo.com/tripplans/manchester-panaji-sydney-itinerary-55ffc4f8904719a47e000ee9
"Trip to Leeds, Edinburgh, Manchester, Newcastle Upon Tyne",7 Days,53,https://www.triphobo.com/tripplans/united-kingdom-itinerary-from-liverpool-56423e2a8527a5b65b0003d3
"Trip to London, Edinburgh, Glasgow, Manchester, Liverpool, Birmingham",8 Days,53,https://www.triphobo.com/tripplans/united-kingdom-itinerary-from-delhi-56e642ffdd853ad12a000564
"Trip to London, Edinburgh, Dublin, Manchester, Cambridge, Bath, Canterbury, Torquay, Isle Of Skye",24 Days,53,https://www.triphobo.com/tripplans/united-kingdom-ireland-itinerary-from-bangalore-56e9dcf668d56d9f230000b3
"Trip to London, Manchester",7 Days,52,https://www.triphobo.com/tripplans/london-manchester-trip-from-mumbai-557aef1cfbc2e5be24000097
"Trip to London, Manchester, Bath, Exeter, Cumbria",9 Days,52,https://www.triphobo.com/tripplans/united-kingdom-itinerary-56beb6fd8f471901140000dd
"12 Day Trip to London, Manchester, Liverpool from Doncaster",12 Days,52,https://www.triphobo.com/tripplans/london-manchester-liverpool-itinerary-from-doncaster-5799d5fe4e8231fe1700040b
"Trip to London, Manchester",5 Days,51,https://www.triphobo.com/tripplans/london-manchester-trip-from-delhi-5596bed5fbc2e5be58000636
"Trip to Panaji, Sydney, Manchester",6 Days,51,https://www.triphobo.com/tripplans/manchester-panaji-sydney-itinerary-55fe848d904719a97e0001d5
"Trip to Panaji, Sydney, Manchester",6 Days,51,https://www.triphobo.com/tripplans/manchester-panaji-sydney-itinerary-55ff8a328427a51b09000f17
"Trip to London, Edinburgh, Glasgow, Manchester, Inverness",12 Days,50,https://www.triphobo.com/tripplans/united-kingdom-itinerary-from-delhi-56ca9fc0dd853abc720011f8
"Trip to London, Leeds, Edinburgh, Bristol, Manchester, Bath, Liverpool, Southampton, Plymouth",27 Days,50,https://www.triphobo.com/tripplans/united-kingdom-itinerary-from-jakarta-56d72a78dd853a0739000b84
"15 Day Trip to Paris, London, Zurich, Manchester, Interlaken from Mumbai",15 Days,50,https://www.triphobo.com/tripplans/united-kingdom-france-switzerland-itinerary-from-mumbai-5774dfba4e82314f7e00016b
"Trip to London, Edinburgh, Glasgow, Amsterdam, Manchester",7 Days,50,https://www.triphobo.com/tripplans/united-kingdom-netherlands-itinerary-578f34fb4e8231be4f00003a
"Trip to London, Manchester",4 Days,49,https://www.triphobo.com/tripplans/london-manchester-trip-from-indore-5598dee8fac2e5bf2200026d
Trip to Manchester,2 Days,49,https://www.triphobo.com/tripplans/manchester-trip-plan-55e5a113a6e4d0440e000dd0
"Trip to Panaji, Sydney, Manchester",5 Days,49,https://www.triphobo.com/tripplans/manchester-panaji-sydney-itinerary-55fe86b9ed796f867e000192
"Trip to Amsterdam, Manchester",6 Days,49,https://www.triphobo.com/tripplans/amsterdam-manchester-itinerary-from-kansas-city-56b380745acb70da480005dc
"Trip to London, Manchester, Plymouth, Isle Of Skye",10 Days,49,https://www.triphobo.com/tripplans/united-kingdom-itinerary-from-hyderabad-57461ed24e8231cb25000084
Trip to Manchester,2 Days,48,https://www.triphobo.com/tripplans/manchester-trip-plan-552b84e5e70545f256000222
"Trip to London, Barcelona, Valencia, Madrid, Manchester",13 Days,48,https://www.triphobo.com/tripplans/united-kingdom-spain-itinerary-from-mumbai-560cff41586928626a0000fd
"17 Day Trip to London, Manchester, Edinburgh, Glasgow, Liverpool, Bournemouth from Mumbai",17 Days,48,https://www.triphobo.com/tripplans/united-kingdom-itinerary-from-mumbai-57be83c64e823120780002a7
"Trip to London, Manchester",2 Days,47,https://www.triphobo.com/tripplans/london-manchester-trip-from-bangkok-55c2d6b7f3a73d69720002ff
Trip to Manchester,3 Days,47,https://www.triphobo.com/tripplans/manchester-trip-plan-55de354fa5e4d02b05000ee6
"Trip to London, Dublin, Manchester, Oxford",9 Days,47,https://www.triphobo.com/tripplans/united-kingdom-ireland-itinerary-from-amsterdam-56b0fb238f4719fa3b000008
"Trip to London, Manchester, Reading",11 Days,47,https://www.triphobo.com/tripplans/london-manchester-reading-itinerary-from-mumbai-56fc22430fe5d057020007c6
"17 Day Trip to London, Edinburgh, Manchester, Liverpool, Cardiff, Isle Of Skye from Dubai",17 Days,47,https://www.triphobo.com/tripplans/united-kingdom-itinerary-from-dubai-576a80b04e82319438000763
"Trip to London, Manchester, Liverpool",6 Days,47,https://www.triphobo.com/tripplans/london-liverpool-manchester-itinerary-from-istanbul-576eecba8427a5b977000fd6
Trip to Manchester,2 Days,46,https://www.triphobo.com/tripplans/manchester-trip-from-london-55869ba3fac2e55c3a000142
Trip to Manchester,1 Day,46,https://www.triphobo.com/tripplans/manchester-trip-plan-55d749b900fc94fb28001295
Trip to Manchester,3 Days,46,https://www.triphobo.com/tripplans/manchester/itinerary-56a38f6ee6e4d03c0d000310
"Trip to Paris, Amsterdam, Manchester, Toronto",19 Days,46,https://www.triphobo.com/tripplans/europe-north-america-itinerary-from-toronto-56bb73e3754719ef2600078e
"9 Day Trip to London, Edinburgh, Manchester from Dubai",9 Days,46,https://www.triphobo.com/tripplans/london-edinburgh-manchester-itinerary-from-dubai-576a846c4e823122430001d7
"Trip to London, Hyderabad, Manchester",5 Days,45,https://www.triphobo.com/tripplans/manchester-london-hyderabad-trip-from-hyderabad-55bfa071f3a73dce1c000819
Trip to Manchester,4 Days,45,https://www.triphobo.com/tripplans/manchester-trip-from-london-55bfa15d521f7177180007cb
"Trip to Paris, London, Leeds, Manchester, York, Portsmouth, Warwickshire",17 Days,45,https://www.triphobo.com/tripplans/united-kingdom-france-itinerary-from-melbourne-56b869089147196e26000214
"Trip to London, Edinburgh, Dublin, Manchester, Belfast, Cardiff",16 Days,45,https://www.triphobo.com/tripplans/united-kingdom-ireland-itinerary-from-oakville-56ee0bf069d56d0a4300039c
Trip to Manchester,2 Days,44,https://www.triphobo.com/tripplans/manchester-trip-plan-55b9de5e521f71ca31000669
Trip to Manchester,2 Days,44,https://www.triphobo.com/tripplans/manchester-trip-from-spartanburg-55d028b4f3a73d5111000039
"Trip to Glasgow, Manchester",7 Days,44,https://www.triphobo.com/tripplans/glasgow-manchester-trip-from-london-55d1e3e1a5e4d00e4d00012f
"Trip to Venice, Manchester",6 Days,44,https://www.triphobo.com/tripplans/manchester-venice-trip-from-mumbai-55d2f3aa900670de4a00045c
"Trip to London, Manchester, Liverpool",6 Days,44,https://www.triphobo.com/tripplans/london-liverpool-manchester-itinerary-from-mannheim-566c8f3b8527a5267b000283
"Trip to London, Manchester",2 Days,44,https://www.triphobo.com/tripplans/london-manchester-itinerary-566ff113aad46df00f000020
"Trip to Los Angeles, Manchester, Clemson, Athens, Charleston, Chapel Hill",30 Days,44,https://www.triphobo.com/tripplans/united-states-united-kingdom-itinerary-from-yosemite-national-park-56c760dd8427a5fa68000b45
"15 Day Trip to London, Leeds, Manchester, Liverpool from San Diego",15 Days,44,https://www.triphobo.com/tripplans/united-kingdom-itinerary-from-san-diego-573b4d014e82316a6700135f
"Trip to Panaji, Sydney, Manchester",6 Days,43,https://www.triphobo.com/tripplans/manchester-panaji-sydney-itinerary-55ffbb74ed796f6e30000280
"Trip to London, Edinburgh, Manchester",8 Days,43,https://www.triphobo.com/tripplans/london-edinburgh-manchester-itinerary-from-delhi-56bb230b8427a5a81e0002fd
"Trip to Leeds, Manchester",1 Day,43,https://www.triphobo.com/tripplans/manchester-leeds-itinerary-from-berlin-56cb307d8527a500610006bd
"Trip to London, Leeds, Bristol, Manchester, Bath, Chester, Liverpool, Southampton, Birmingham, Leicestershire",12 Days,43,https://www.triphobo.com/tripplans/united-kingdom-itinerary-from-goa-velha-56e85ba569d56dae05000151
"4 Day Trip to Manchester, Blackpool from Radcliffe",4 Days,43,https://www.triphobo.com/tripplans/manchester-blackpool-itinerary-from-radcliffe-573af69b4e8231b367000c3d
"17 Day Trip to Paris, Rome, Venice, London, Manchester, Marseille from Kuala Lumpur",17 Days,42,https://www.triphobo.com/tripplans/france-italy-united-kingdom-itinerary-from-kuala-lumpur-574c15354e8231970600050c
"10 Day Trip to London, Manchester, Bath, Liverpool, Wiltshire from London",10 Days,42,https://www.triphobo.com/tripplans/united-kingdom-itinerary-from-london-57c7ad1b4e8231cd1e000a14
Trip to Manchester,2 Days,41,https://www.triphobo.com/tripplans/manchester-trip-plan-558beaaaf9c2e52912000249
"Trip to London, Bristol, Manchester, Cambridge, York, Bath, Oxford",11 Days,41,https://www.triphobo.com/tripplans/united-kingdom-itinerary-from-jakarta-56d957a068d56d8f32000614
"Trip to Venice, London, Florence, Barcelona, Amsterdam, Manchester, Liverpool",16 Days,41,https://www.triphobo.com/tripplans/europe-itinerary-from-singapore-56de884668d56d8379000a23
"Trip to London, Manchester",8 Days,41,https://www.triphobo.com/tripplans/london-manchester-itinerary-from-new-york-city-56f9c0d5a6d0be6506000ed9
"55 Day Trip to France, Germany, Italy, Austria, United Kingdom, Ireland, Spain, Poland from Williamsport",55 Days,41,https://www.triphobo.com/tripplans/europe-itinerary-from-williamsport-570de7024e823173430008b5
"8 Day Trip to London, Dublin, Manchester from Rome",8 Days,41,https://www.triphobo.com/tripplans/dublin-manchester-london-itinerary-from-rome-5745fca64e8231066100065f
"7 Day Trip to Edinburgh, Manchester from Debrecen",7 Days,41,https://www.triphobo.com/tripplans/manchester-edinburgh-itinerary-from-debrecen-577438514e8231c65d0001b1
"Trip to London, Manchester",8 Days,40,https://www.triphobo.com/tripplans/london-manchester-itinerary-from-tulsa-56155d978427a5d9170014af
Trip to Manchester,3 Days,40,https://www.triphobo.com/tripplans/manchester/itinerary-from-london-56543eb68a46cbf8240000e0
"Trip to Paris, London, Athens, Manchester, Lucerne",15 Days,40,https://www.triphobo.com/tripplans/europe-itinerary-from-kuala-lumpur-568f6fbca6d46d1632000082
27 Day Trip to United Kingdom from New York City,27 Days,40,https://www.triphobo.com/tripplans/united-kingdom-itinerary-from-new-york-city-573145d54e8231b53c0001d6
"13 Day Trip to London, Edinburgh, Manchester, Liverpool, Isle Of Skye from Swindon",13 Days,40,https://www.triphobo.com/tripplans/united-kingdom-itinerary-from-swindon-5761412a4e8231754d00046a
"Trip to Leeds, Edinburgh, Manchester",5 Days,40,https://www.triphobo.com/tripplans/manchester-leeds-edinburgh-itinerary-from-london-5795dc868427a5ef6300015c
"17 Day Trip to France, United Kingdom, Belgium, Spain from Toronto",17 Days,40,https://www.triphobo.com/tripplans/europe-itinerary-from-toronto-57bf0c2d4e82315b5600028d
4 Day Trip to Manchester from Weatherford,4 Days,40,https://www.triphobo.com/tripplans/manchester/itinerary-from-weatherford-57c9fa464e82315e53000a62
Trip to Manchester,3 Days,39,https://www.triphobo.com/tripplans/manchester-trip-from-warwick-55d62b236446cb732b000ccb
Trip to Manchester,1 Day,39,https://www.triphobo.com/tripplans/manchester-trip-plan-55efeea3919370dc05000045
"Trip to Panaji, Sydney, Manchester",6 Days,39,https://www.triphobo.com/tripplans/manchester-panaji-sydney-itinerary-55fff4a18427a5fa3000051e
"Trip to Paris, Venice, London, Dublin, Zurich, Barcelona, Madrid, Manchester, Frankfurt",16 Days,39,https://www.triphobo.com/tripplans/europe-itinerary-from-hyderabad-565cd4038527a55c76000114
"Trip to Glasgow, Dublin, Manchester",9 Days,39,https://www.triphobo.com/tripplans/dublin-manchester-glasgow-itinerary-from-baltimore-568db86d8427a5681a000a41
4 Day Trip to Manchester from Lahore,4 Days,39,https://www.triphobo.com/tripplans/manchester/itinerary-from-lahore-5773ff218427a54224000350
"Trip to Panaji, Sydney, Manchester",6 Days,38,https://www.triphobo.com/tripplans/manchester-panaji-sydney-itinerary-56012f2d70ee6e810e00026e
Trip to Manchester,4 Days,38,https://www.triphobo.com/tripplans/manchester/itinerary-from-warwick-56afbd875acb704616000295
"Trip to Paris, Rennes, Manchester, London, Prague",11 Days,38,https://www.triphobo.com/tripplans/france-united-kingdom-czech-republic-itinerary-575adb704e8231da7d0004ca
26 Day Trip to United Kingdom from Valparaiso,26 Days,38,https://www.triphobo.com/tripplans/united-kingdom-itinerary-from-valparaiso-579bdd524e8231674100020b
Six Days Trip to London And Manchester,6 Days,37,https://www.triphobo.com/tripplans/london-manchester-trip-from-mumbai-558a414ef9c2e54010000af5
Trip to Manchester,1 Day,37,https://www.triphobo.com/tripplans/manchester-trip-plan-55cec7cda5e4d06e600003a8
"Trip to London, Manchester, Nottingham, Liverpool",16 Days,37,https://www.triphobo.com/tripplans/united-kingdom-itinerary-from-hobart-56662af385e482ba1e0002e4
Trip to Manchester,1 Day,37,https://www.triphobo.com/tripplans/manchester/itinerary-from-newark-567a21fda6d46d150e00047b
"Trip to London, Edinburgh, Manchester, Liverpool",7 Days,37,https://www.triphobo.com/tripplans/united-kingdom-itinerary-from-mumbai-5695d3872bccbec906000063
Trip to Manchester,3 Days,37,https://www.triphobo.com/tripplans/manchester/itinerary-from-inverness-56c8844f8527a5c26f0009c4
"Trip to Paris, London, Cork, Dublin, Manchester, Kilkenny, Lancashire",16 Days,37,https://www.triphobo.com/tripplans/france-united-kingdom-ireland-itinerary-from-brisbane-56ed678bdd853add5f002001
"18 Day Trip to London, Edinburgh, Dublin, Manchester, Wexford, Dunvegan from New York City",18 Days,37,https://www.triphobo.com/tripplans/united-kingdom-ireland-itinerary-from-new-york-city-5710e8c24e8231aa3d000ff4
"4 Day Trip to London, Manchester from Radcliffe",4 Days,37,https://www.triphobo.com/tripplans/manchester-london-itinerary-from-radcliffe-573c33514e8231910d001892
"2 Day Trip to Manchester, Liverpool from Birmingham",2 Days,37,https://www.triphobo.com/tripplans/liverpool-manchester-itinerary-from-birmingham-575927ce4e82317f28000018
"15 Day Trip to London, Dublin, Manchester, Liverpool, Birmingham from Tel Aviv",15 Days,37,https://www.triphobo.com/tripplans/united-kingdom-ireland-itinerary-from-tel-aviv-5772438d4e8231f55700019b
"Trip to London, Manchester",7 Days,36,https://www.triphobo.com/tripplans/manchester-london-trip-from-bangalore-557fc684f9c2e5f816000bc6
Trip to Manchester,2 Days,36,https://www.triphobo.com/tripplans/manchester/itinerary-560c9f658527a5c42f000241
"Trip to New York City, Manchester",9 Days,36,https://www.triphobo.com/tripplans/new-york-city-manchester-itinerary-from-spring-56bcd3ee754719e67e000005
"17 Day Trip to London, Bristol, Manchester, Liverpool, Cardiff, Cambridgeshire from Jakarta",17 Days,36,https://www.triphobo.com/tripplans/united-kingdom-itinerary-from-jakarta-572468dc4e82313d09000253
"31 Day Trip to France, Italy, United Kingdom, Germany, Belgium, Switzerland, Netherlands from Kuala Lumpur",31 Days,36,https://www.triphobo.com/tripplans/europe-itinerary-from-kuala-lumpur-57e296cc4e8231ce570009a8
"Trip to London, Manchester, Cambridge, Bath",7 Days,35,https://www.triphobo.com/tripplans/united-kingdom-trip-from-bury-st-edmunds-55a55b4bfbc2e5c14c000125
"Trip to London, Edinburgh, Bristol, Manchester",6 Days,35,https://www.triphobo.com/tripplans/united-kingdom-itinerary-from-bangalore-56f0366a68d56deb40001a2a
"Trip to London, Manchester",4 Days,34,https://www.triphobo.com/tripplans/london-manchester-trip-from-delhi-5596bbb1fbc2e53d580006bd
Trip to Manchester,1 Day,34,https://www.triphobo.com/tripplans/manchester-trip-from-hickory-55c7b93b521f713959000261
Trip to Manchester,4 Days,34,https://www.triphobo.com/tripplans/manchester-trip-from-jaipur-55e5a6826446cbf476000195
Trip to Manchester,1 Day,33,https://www.triphobo.com/tripplans/manchester-trip-from-london-552de98b0c1d0aaf4100024a
Trip to Manchester,2 Days,33,https://www.triphobo.com/tripplans/manchester-trip-plan-557fad42fac2e5fa5d000dfd
"Trip to Panaji, Sydney, Manchester",5 Days,33,https://www.triphobo.com/tripplans/manchester-panaji-sydney-itinerary-55ff87898427a50e25000251
"Trip to Edinburgh, Manchester, Liverpool, Newcastle Upon Tyne",9 Days,33,https://www.triphobo.com/tripplans/united-kingdom-itinerary-from-wolverhampton-56f29cf668d56dc25600011e
4 Day Trip to Manchester from Pune,4 Days,33,https://www.triphobo.com/tripplans/manchester/itinerary-from-pune-57cea7614e8231c66c000084
"Trip to London, Manchester",22 Days,32,https://www.triphobo.com/tripplans/london-manchester-itinerary-from-st-augustine-560d2ef28427a58a060000d8
"Trip to London, Manchester",10 Days,32,https://www.triphobo.com/tripplans/manchester-london-itinerary-562faaaf3216f532340005cc
"Trip to London, Manchester",2 Days,32,https://www.triphobo.com/tripplans/london-manchester-itinerary-from-istanbul-5697823c85e482e979000bd9
"19 Day Trip to France, Germany, Italy, Austria, United Kingdom, Spain, Netherlands, Czech Republic, Portugal from New York-new York Hotel & Casino",19 Days,32,https://www.triphobo.com/tripplans/europe-itinerary-from-new-york-new-york-hotel-casino-570299f20fe5d07f0d00133a
"Trip to London, Edinburgh, Dublin, Manchester, Cardiff",8 Days,32,https://www.triphobo.com/tripplans/united-kingdom-ireland-itinerary-from-delhi-5713a3e14e8231c129000a3d
"16 Day Trip to London, Edinburgh, Glasgow, Manchester, Bournemouth, Liverpool from Mumbai",16 Days,32,https://www.triphobo.com/tripplans/united-kingdom-itinerary-from-mumbai-57dfa1164e8231d03e000023
Trip to Manchester,2 Days,31,https://www.triphobo.com/tripplans/manchester-trip-plan-558a2f0cfbc2e5f00c000a33
Trip to Manchester,4 Days,31,https://www.triphobo.com/tripplans/manchester-trip-from-istanbul-55e722d0a5e4d01470000681
Trip to Manchester,2 Days,31,https://www.triphobo.com/tripplans/manchester/itinerary-5611cf1486ccbe732b0008d5
Trip to Manchester,2 Days,31,https://www.triphobo.com/tripplans/manchester/itinerary-from-portland-562fa3b13216f5e35800002c
"Trip to Paris, London, Hyderabad, Manchester",13 Days,31,https://www.triphobo.com/tripplans/united-kingdom-france-india-itinerary-56e7a9448427a51d3b000f89
"Trip to London, Edinburgh, Glasgow, Manchester, York, Bath, Oxford, Brighton",14 Days,31,https://www.triphobo.com/tripplans/united-kingdom-canada-itinerary-from-delhi-57143f578427a5c644000376
"9 Day Trip to London, Manchester, Bath from Pune",9 Days,31,https://www.triphobo.com/tripplans/london-manchester-bath-itinerary-from-pune-578e39454e82312b600009ab
4 Day Trip to Manchester from Pune,4 Days,31,https://www.triphobo.com/tripplans/manchester/itinerary-from-pune-57d10b998427a5db59001564
Trip to Manchester,2 Days,30,https://www.triphobo.com/tripplans/manchester-trip-plan-5590465cf9c2e5f455000651
Trip to Manchester,2 Days,30,https://www.triphobo.com/tripplans/manchester/itinerary-from-loveland-561eb80d8427a5cd100001c9
Trip to Manchester,7 Days,30,https://www.triphobo.com/tripplans/manchester/itinerary-from-portland-56500bdf8427a5f2380006b1
"Trip to London, Manchester",4 Days,30,https://www.triphobo.com/tripplans/london-manchester-itinerary-from-mumbai-568000509bd33ef8170002c0
"Trip to London, Edinburgh, Manchester, Exeter, Liverpool",5 Days,30,https://www.triphobo.com/tripplans/united-kingdom-itinerary-from-delhi-56df1f246ad56d3679000c68
Trip to Manchester,1 Day,29,https://www.triphobo.com/tripplans/manchester-trip-plan-559308defac2e5555200069f
Trip to Manchester,1 Day,29,https://www.triphobo.com/tripplans/manchester-trip-from-bath-559c4280fbc2e57c25000c82
Trip to Manchester,3 Days,29,https://www.triphobo.com/tripplans/manchester-trip-from-louisville-55df27e39006701242000c82
Trip to Manchester,2 Days,29,https://www.triphobo.com/tripplans/manchester/itinerary-5611ce3c86ccbe7e2b00082c
Trip to Manchester,1 Day,29,https://www.triphobo.com/tripplans/manchester/itinerary-from-phoenix-561b31688427a55447000bd7
"Trip to London, Manchester",9 Days,29,https://www.triphobo.com/tripplans/london-manchester-itinerary-from-bangalore-561c01b53216f54f7c000dff
Trip to Manchester,2 Days,29,https://www.triphobo.com/tripplans/manchester/itinerary-from-jefferson-city-56257b1dbb6928165b00001d
Trip to Manchester,3 Days,29,https://www.triphobo.com/tripplans/manchester/itinerary-from-london-56543ee38a46cb8b0c000269
Trip to Manchester,3 Days,29,https://www.triphobo.com/tripplans/manchester/itinerary-from-london-5654402e85e48240750008f7
Trip to Manchester,3 Days,29,https://www.triphobo.com/tripplans/manchester/itinerary-from-london-56545cae8a46cb660d0009e7
"Trip to London, Edinburgh, Manchester, Bath",4 Days,29,https://www.triphobo.com/tripplans/united-kingdom-itinerary-56e4780f8527a518410008ca
"Trip to London, Edinburgh, Bristol, Manchester, Bath",5 Days,29,https://www.triphobo.com/tripplans/united-kingdom-itinerary-from-kolkata-56e479178427a5f449000432
39 Day Trip to United Kingdom from Mumbai,39 Days,29,https://www.triphobo.com/tripplans/united-kingdom-itinerary-from-mumbai-5727a76e4e8231cf5c0013a0
5 Day Trip to Manchester from Houston,5 Days,29,https://www.triphobo.com/tripplans/manchester/itinerary-from-houston-577baaa84e82312e2d000c53
"17 Day Trip to London, Manchester, Bath, Liverpool, Birmingham, Scarborough, Whitby from Hawthorn",17 Days,29,https://www.triphobo.com/tripplans/united-kingdom-itinerary-from-hawthorn-5799a2c54e8231052400046c
"15 Day Trip to London, Edinburgh, Manchester, Liverpool, Isle Of Skye from Chennai",15 Days,29,https://www.triphobo.com/tripplans/united-kingdom-itinerary-from-chennai-57c992494e82319f06000b8c
Trip to Manchester,1 Day,28,https://www.triphobo.com/tripplans/manchester-trip-from-sydney-55a46cb9f9c2e5e46c000354
"Trip to London, Manchester",2 Days,28,https://www.triphobo.com/tripplans/manchester-london-itinerary-from-plymouth-5647f8908527a503770005b4
Trip to Manchester,3 Days,28,https://www.triphobo.com/tripplans/manchester/itinerary-from-london-56543f4ca6d46dc33e0006d9
"Trip to London, Edinburgh, Cork, Dublin, Manchester, Belfast, Cardiff",22 Days,28,https://www.triphobo.com/tripplans/united-kingdom-ireland-itinerary-from-cleveland-565d30219bd33e042a0009bd
"Trip to Manchester, Santorini, Mykonos, Lanzarote, Bali, Palma De Mallorca",30 Days,28,https://www.triphobo.com/tripplans/europe-asia-itinerary-from-melbourne-56663cb685e48225220005b4
"Trip to Edinburgh, Manchester",5 Days,28,https://www.triphobo.com/tripplans/manchester-edinburgh-itinerary-from-london-56b3ae69764719bb030004ff
"Trip to London, Manchester, Liverpool",8 Days,28,https://www.triphobo.com/tripplans/liverpool-manchester-london-itinerary-from-mumbai-57a1a3364e8231e76e000003
"7 Day Trip to Manchester, Birmingham, Alton from London",12 Days,28,https://www.triphobo.com/tripplans/manchester-birmingham-alton-itinerary-from-london-57d31e284e8231405a000d0a
Trip to Manchester,2 Days,27,https://www.triphobo.com/tripplans/manchester-trip-from-epsom-559f12d8fac2e55d7400018a
"Trip to London, Manchester",5 Days,27,https://www.triphobo.com/tripplans/london-manchester-trip-from-leeds-55cb005200fc94e05a000303
Trip to Manchester,1 Day,27,https://www.triphobo.com/tripplans/manchester-trip-from-glasgow-55d7c62300fc943609000030
Trip to Manchester,3 Days,27,https://www.triphobo.com/tripplans/manchester/itinerary-5654ea9285e482e84800024d
"Trip to London, Edinburgh, Glasgow, Cork, Dublin, Limerick, Manchester, Liverpool, Tralee, Westport",31 Days,27,https://www.triphobo.com/tripplans/united-kingdom-ireland-itinerary-from-kolkata-56653ea1a6d46d9a34000305
"Trip to Paris, Rome, Leeds, Milan, Brussels, Manchester",13 Days,27,https://www.triphobo.com/tripplans/europe-itinerary-from-calgary-56d327ec68d56d6b1d0001f4
"Trip to Venice, London, Florence, Barcelona, Amsterdam, Manchester, Liverpool",16 Days,27,https://www.triphobo.com/tripplans/europe-itinerary-from-singapore-56e001d6dd853a0b710002b1
"Trip to London, Edinburgh, Glasgow, Manchester",5 Days,27,https://www.triphobo.com/tripplans/united-kingdom-itinerary-from-delhi-56e291db69d56d07120000c9
Trip to London,12 Days,27,https://www.triphobo.com/tripplans/london/itinerary-from-delhi-57899f714e823185060009e3
"11 Day Trip to London, Manchester, Liverpool from Shenzhen",11 Days,27,https://www.triphobo.com/tripplans/london-manchester-liverpool-itinerary-from-shenzhen-5810c1454e82315d690000d3
Trip to Manchester,1 Day,26,https://www.triphobo.com/tripplans/manchester-trip-from-coimbatore-55f5320c70e9d0be24000063
Trip to Manchester,2 Days,26,https://www.triphobo.com/tripplans/manchester/itinerary-55fefbaded796f687e0004af
"Trip to Dublin, Manchester",2 Days,26,https://www.triphobo.com/tripplans/manchester-dublin-itinerary-from-stuttgart-5614cce03216f5773a000046
Trip to Manchester,1 Day,26,https://www.triphobo.com/tripplans/manchester/itinerary-from-lagos-562d5d098427a5973c0009f3
"Trip to London, Edinburgh, Manchester, Liverpool",9 Days,26,https://www.triphobo.com/tripplans/united-kingdom-itinerary-from-hamilton-5687606ca6d46d943d00022e
"Trip to London, Manchester, Cambridge, Exeter, Canterbury, Liverpool, Plymouth",9 Days,26,https://www.triphobo.com/tripplans/united-kingdom-itinerary-from-chandigarh-56d64ae88527a54f520002be
"Trip to Venice, London, Milan, Zurich, Geneva, Manchester",14 Days,26,https://www.triphobo.com/tripplans/united-kingdom-italy-switzerland-itinerary-from-delhi-56f2d4338527a5531700193b
"Trip to London, Edinburgh, Dublin, Manchester",11 Days,26,https://www.triphobo.com/tripplans/united-kingdom-ireland-itinerary-from-london-57630dd94e82318c5a000192
"Trip to London, Leeds, Manchester, York",4 Days,26,https://www.triphobo.com/tripplans/united-kingdom-itinerary-from-inveraray-57a3976b4e8231860f00021e
"7 Day Trip to London, Manchester from Lagos",7 Days,26,https://www.triphobo.com/tripplans/london-manchester-itinerary-from-lagos-58007a664e8231062300058e
"Trip to London, Manchester, Liverpool",3 Days,25,https://www.triphobo.com/tripplans/london-manchester-liverpool-itinerary-from-york-562425518427a59245000a39
Trip to Manchester,2 Days,25,https://www.triphobo.com/tripplans/manchester/itinerary-from-merville-franceville-plage-563540fd8527a56e640001c0
"Trip to London, Barcelona, Manchester, Liverpool",3 Days,25,https://www.triphobo.com/tripplans/united-kingdom-spain-itinerary-from-sydney-565ba76d85e482911b0000d2
"Trip to London, Edinburgh, Manchester, Liverpool",12 Days,25,https://www.triphobo.com/tripplans/united-kingdom-itinerary-from-jakarta-56d2d2806ad56d9c390005f8
"Trip to London, Edinburgh, Manchester, Bath, Liverpool",15 Days,25,https://www.triphobo.com/tripplans/united-kingdom-itinerary-from-chennai-56f628226ad56d3e4f00057d
"Trip to London, Edinburgh, Manchester",10 Days,25,https://www.triphobo.com/tripplans/london-edinburgh-manchester-itinerary-from-bhopal-57c2c0574e82311216000541
4 Day Trip to Manchester from New York City,4 Days,25,https://www.triphobo.com/tripplans/manchester/itinerary-from-new-york-city-57ea3ef54e8231c81a00023c
"14 Day Trip to Edinburgh, Glasgow, Manchester, York, Cardiff from London",14 Days,25,https://www.triphobo.com/tripplans/united-kingdom-itinerary-from-london-5819ed2a4e82318b72000067
Trip to Manchester,2 Days,24,https://www.triphobo.com/tripplans/manchester-trip-plan-55de29aaa5e4d000170006f5
Trip to Manchester,2 Days,24,https://www.triphobo.com/tripplans/manchester/itinerary-from-houston-56153fde3216f5803a00043b
"Trip to London, Manchester",8 Days,24,https://www.triphobo.com/tripplans/london-manchester-itinerary-from-mumbai-5641baafa6d46d7a6000025d
Trip to Manchester,3 Days,24,https://www.triphobo.com/tripplans/manchester/itinerary-from-london-565440a8a6d46df95600048d
"Trip to London, Manchester, Nottingham, Liverpool",16 Days,24,https://www.triphobo.com/tripplans/united-kingdom-itinerary-from-hobart-5666300a8527a53c0700090d
"Trip to Manchester, Bath, Liverpool",5 Days,24,https://www.triphobo.com/tripplans/bath-manchester-liverpool-itinerary-from-lyon-566b38678a46cb2d4400027e
"Trip to London, Manchester, Liverpool",6 Days,24,https://www.triphobo.com/tripplans/london-manchester-liverpool-itinerary-from-mannheim-566c4ffb8427a53019000146
22 Day Trip to United Kingdom from Whitby,22 Days,24,https://www.triphobo.com/tripplans/united-kingdom-itinerary-from-whitby-5731dd6e4e82317301000764
Trip to Manchester,2 Days,23,https://www.triphobo.com/tripplans/manchester-trip-from-highlands-55d2ac46cd2e07ad5e0000c1
"Trip to Paris, London, Amsterdam, Manchester",13 Days,23,https://www.triphobo.com/tripplans/united-kingdom-france-netherlands-itinerary-from-kuala-lumpur-56edf18682fc949d5f00073a
"15 Day Trip to London, Manchester, Reading, Cambridge, Oxford, Blackpool, Liverpool from Stoke-on-trent",15 Days,23,https://www.triphobo.com/tripplans/united-kingdom-itinerary-from-stoke-on-trent-5723340a4e8231033d000fbf
"5 Day Trip to Munich, Amsterdam, Manchester from Chennai",5 Days,23,https://www.triphobo.com/tripplans/munich-amsterdam-manchester-itinerary-from-chennai-57b7aee28427a5b55e0006c5
"10 Day Trip to Manchester, Paris, Vienna from Jakarta",10 Days,23,https://www.triphobo.com/tripplans/manchester-paris-vienna-itinerary-from-jakarta-57ec21964e8231ba15000119
"18 Day Trip to London, Bristol, Manchester, Bath, Plymouth, Isle Of Skye from Pretoria",18 Days,23,https://www.triphobo.com/tripplans/united-kingdom-itinerary-from-pretoria-5814ed414e8231372b000356
Trip to Manchester,1 Day,22,https://www.triphobo.com/tripplans/manchester-trip-plan-55e75d006446cbc5240000ae
Trip to Manchester,1 Day,22,https://www.triphobo.com/tripplans/manchester-trip-from-denpasar-55f619f390471987670004a8
Trip to Manchester,2 Days,22,https://www.triphobo.com/tripplans/manchester/itinerary-from-telford-55ff10530acdbef711000126
Trip to Manchester,2 Days,22,https://www.triphobo.com/tripplans/manchester/itinerary-from-london-563eaa6f8527a50e2d000012
Trip to Manchester,3 Days,22,https://www.triphobo.com/tripplans/manchester/itinerary-from-london-56543d08a6d46d154c000d65
Trip to Manchester,1 Day,22,https://www.triphobo.com/tripplans/manchester/itinerary-from-southampton-56939b12556928600b00052f
"Trip to London, Manchester",4 Days,22,https://www.triphobo.com/tripplans/london-manchester-itinerary-from-pune-56967ca59bd33e0b08000356
Trip to Manchester,9 Days,22,https://www.triphobo.com/tripplans/manchester/itinerary-from-singapore-56c05167754719b36a0004b9
"Trip to Venice, London, Delhi, Florence, Milan, Geneva, Manchester",13 Days,22,https://www.triphobo.com/tripplans/europe-asia-itinerary-56f2d21b68d56d345900041b
"15 Day Trip to London, Manchester, Bath, Canterbury, Liverpool from Orlando",15 Days,22,https://www.triphobo.com/tripplans/united-kingdom-itinerary-from-orlando-572906d64e8231d378000692
"21 Day Trip to France, Italy, United Kingdom, Spain from Charlotte",21 Days,22,https://www.triphobo.com/tripplans/europe-itinerary-from-charlotte-5742ef694e82317c23000f5e
"Trip to Edinburgh, Dublin, Manchester",8 Days,22,https://www.triphobo.com/tripplans/manchester-dublin-edinburgh-itinerary-from-london-57630cb94e82319a4500026e
"19 Day Trip to London, Bristol, Manchester, Bath, Canterbury from Mt Pleasant",19 Days,22,https://www.triphobo.com/tripplans/united-kingdom-itinerary-from-mt-pleasant-57b782ab4e82310f030006a1
"11 Day Trip to London, Manchester, Oxford, Liverpool from Jakarta",9 Days,22,https://www.triphobo.com/tripplans/united-kingdom-itinerary-from-jakarta-57c9134f4e8231bd5d000317
"Trip to London, Manchester, Bath",7 Days,21,https://www.triphobo.com/tripplans/london-bath-manchester-itinerary-56ce20676ad56d3c4d000ac4
"Trip to Barcelona, Madrid, Manchester",11 Days,21,https://www.triphobo.com/tripplans/barcelona-madrid-manchester-itinerary-from-delhi-56d5c1ac8427a55a3f0018e5
"12 Day Trip to London, Manchester, Cambridge, Bath, Liverpool from Edinburgh",12 Days,21,https://www.triphobo.com/tripplans/united-kingdom-itinerary-from-edinburgh-57033b0b28e5d06122000e27
"Trip to Paris, London, Manchester, Dublin",7 Days,21,https://www.triphobo.com/tripplans/france-united-kingdom-ireland-itinerary-570bd0894e8231924d001523
"10 Day Trip to London, Dublin, Manchester from Mumbai",10 Days,21,https://www.triphobo.com/tripplans/london-manchester-dublin-itinerary-from-mumbai-57122ad84e8231a5720005de
"Trip to London, Edinburgh, Manchester, Cambridge, Oxford, Liverpool, Birmingham",11 Days,21,https://www.triphobo.com/tripplans/united-kingdom-itinerary-from-muscat-5719bfbf4e8231544d00038c
"12 Day Trip to Leeds, Manchester, York, Liverpool from Bangkok",12 Days,21,https://www.triphobo.com/tripplans/united-kingdom-itinerary-from-bangkok-580f79ec4e8231812900010a
Trip to Manchester,1 Day,20,https://www.triphobo.com/tripplans/manchester/itinerary-from-makassar-56553363a6d46d3225000ecc
"Trip to London, Manchester",5 Days,20,https://www.triphobo.com/tripplans/manchester-london-itinerary-from-jakarta-566f888685e4825b130006fb
"Trip to Paris, Rome, Naples, Barcelona, Manchester",13 Days,20,https://www.triphobo.com/tripplans/europe-itinerary-from-wrexham-56eb076c83fc94fd120005ef
"Trip to Rome, Venice, London, Florence, Milan, Pisa, Zurich, Manchester, Liverpool, Engelberg",54 Days,20,https://www.triphobo.com/tripplans/united-kingdom-italy-switzerland-itinerary-from-mumbai-57151e114e8231422a001a74
"15 Day Trip to New York City, Manchester from Islamabad",15 Days,20,https://www.triphobo.com/tripplans/manchester-new-york-city-itinerary-from-islamabad-574f38714e8231e21e00010c
Trip to Manchester,2 Days,20,https://www.triphobo.com/tripplans/manchester/itinerary-from-kochi-5766969b4e82311225000554
"Trip to London, Manchester, Liverpool",9 Days,20,https://www.triphobo.com/tripplans/london-manchester-liverpool-itinerary-from-mumbai-577a6a514e8231335e000213
"9 Day Trip to London, Manchester, Liverpool from Ankara",9 Days,20,https://www.triphobo.com/tripplans/london-liverpool-manchester-itinerary-from-ankara-57ac33a14e82318426000161
"8 Day Trip to London, Manchester from Pune",8 Days,20,https://www.triphobo.com/tripplans/london-manchester-itinerary-from-pune-57ac3eb78427a55f1a00016c
Trip to London,12 Days,20,https://www.triphobo.com/tripplans/london/itinerary-from-delhi-57b6a3204e82310b0300053e
Trip to Manchester,1 Day,19,https://www.triphobo.com/tripplans/manchester/itinerary-from-jakarta-560119d44bd56d6d0c0000a2
"Trip to Paris, Manchester",6 Days,19,https://www.triphobo.com/tripplans/manchester-paris-itinerary-from-doha-5602b756ed796ff9620002b0
Trip to Manchester,2 Days,19,https://www.triphobo.com/tripplans/manchester/itinerary-from-london-5647f9408527a52225000494
Trip to Manchester,1 Day,19,https://www.triphobo.com/tripplans/manchester/itinerary-565cc6888527a51d1400072a
"Trip to London, Brussels, Amsterdam, Manchester",13 Days,19,https://www.triphobo.com/tripplans/united-kingdom-belgium-netherlands-itinerary-from-singapore-5692235785e482b4700002ef
"9 Day Trip to London, Helsinki, Manchester from Singapore",9 Days,19,https://www.triphobo.com/tripplans/helsinki-manchester-london-itinerary-from-singapore-575155444e8231966100009e
"7 Day Trip to Edinburgh, Manchester from Tukwila",7 Days,19,https://www.triphobo.com/tripplans/edinburgh-manchester-itinerary-from-tukwila-57bc4fd94e8231ee05000baa
4 Day Trip to Manchester from Pune,4 Days,19,https://www.triphobo.com/tripplans/manchester/itinerary-from-pune-57ee601e4e8231884800022b
"52 Day Trip to United Kingdom, Spain from Perth",52 Days,19,https://www.triphobo.com/tripplans/spain-united-kingdom-itinerary-from-perth-57ff95774e8231a304000592
Trip to Manchester,2 Days,18,https://www.triphobo.com/tripplans/manchester/itinerary-from-curitiba-563427395d31b99c7d000fab
"Trip to Berlin, London, Glasgow, Manchester, Bremen",13 Days,18,https://www.triphobo.com/tripplans/germany-united-kingdom-itinerary-from-bangkok-56f09c718427a5363900026f
15 days Trip to London Manchester Liverpool from Pune,15 Days,18,https://www.triphobo.com/tripplans/london-manchester-liverpool-itinerary-from-pune-5784c2254e82313d040007d2
"22 Day Trip to Italy, United Kingdom, Germany, Greece from Sydney",22 Days,18,https://www.triphobo.com/tripplans/europe-itinerary-from-sydney-57b7f6f34e823199530004a9
"Trip to London, Edinburgh, Manchester",11 Days,17,https://www.triphobo.com/tripplans/manchester-edinburgh-london-itinerary-from-secunderabad-56eea0b38527a51e28000724
"11 Day Trip to London, Manchester, Leicestershire from Delhi",11 Days,17,https://www.triphobo.com/tripplans/leicestershire-manchester-london-itinerary-from-delhi-5753d9218427a5be370003d9
"14 Day Trip to France, Italy, United Kingdom, Greece from Houston",14 Days,17,https://www.triphobo.com/tripplans/europe-itinerary-from-houston-577aa2744e82317558000c2b
"Trip to London, Edinburgh, Bristol, Manchester",8 Days,17,https://www.triphobo.com/tripplans/united-kingdom-itinerary-from-delhi-57a331e74e8231190d00007f
3 Day Trip to Manchester,3 Days,17,https://www.triphobo.com/tripplans/manchester/itinerary-from-manchester-57bf32d04e8231af3c000841
Trip to Manchester,4 Days,17,https://www.triphobo.com/tripplans/manchester/itinerary-from-mumbai-57dfd1424e8231976c000447
"12 Day Trip to Cork, Dublin, Manchester, Kilkenny from Wisconsin Rapids",12 Days,17,https://www.triphobo.com/tripplans/ireland-united-kingdom-itinerary-from-wisconsin-rapids-5808f79f4e8231753f00002d
25 Day Trip to United Kingdom from Pune,25 Days,17,https://www.triphobo.com/tripplans/united-kingdom-itinerary-from-pune-5810d0324e8231385c0002b2
"Trip to London, Manchester",7 Days,16,https://www.triphobo.com/tripplans/london-manchester-itinerary-from-kolkata-566a46788527a52b240007da
"Trip to Paris, London, Amsterdam, Manchester",15 Days,16,https://www.triphobo.com/tripplans/france-united-kingdom-netherlands-itinerary-from-singapore-56ececaa6ad56d3231001e96
"Trip to Paris, Rome, London, Athens, Manchester",15 Days,16,https://www.triphobo.com/tripplans/europe-itinerary-from-perth-56fdd60b0ee5d08a07000351
"Trip to Edinburgh, Manchester, Southampton, Aberdeen, Inverness, Isle Of Skye",8 Days,16,https://www.triphobo.com/tripplans/united-kingdom-itinerary-from-london-570a7b6b8427a574370019fb
"8 Day Trip to Manchester, Perpignan from Duncanville",8 Days,16,https://www.triphobo.com/tripplans/manchester-perpignan-itinerary-from-duncanville-5723fc2c4e82315c1c00020b
"17 Day Trip to London, Edinburgh, Glasgow, Manchester, Liverpool, Newcastle Upon Tyne from Barcelona",17 Days,16,https://www.triphobo.com/tripplans/united-kingdom-itinerary-from-barcelona-572fe80e4e823165010002c2
"6 Day Trip to Manchester, Liverpool from Portland",4 Days,16,https://www.triphobo.com/tripplans/manchester-liverpool-itinerary-from-portland-574360414e8231183c000175
3 Day Trip to Manchester from Hounslow,3 Days,16,https://www.triphobo.com/tripplans/manchester/itinerary-from-hounslow-5767efe74e82312d47000904
Trip to Manchester,3 Days,16,https://www.triphobo.com/tripplans/manchester/itinerary-from-mumbai-579e1a5a4e8231f40d001202
4 Day Trip to Manchester,4 Days,16,https://www.triphobo.com/tripplans/manchester/itinerary-from-manchester-57a04dd04e8231e736000d58
"34 Day Trip to United Kingdom, Ireland from Nutley",34 Days,16,https://www.triphobo.com/tripplans/united-kingdom-ireland-itinerary-from-nutley-57c983664e8231cc220003d6
"15 Day Trip to Tokyo, Seoul, London, Manchester, Osaka from Burlington",15 Days,16,https://www.triphobo.com/tripplans/south-korea-japan-united-kingdom-itinerary-from-burlington-5809be3d4e8231772b0001e5
"15 Day Trip to London, Dublin, Manchester, Liverpool, Selsey from Baltimore",15 Days,16,https://www.triphobo.com/tripplans/united-kingdom-ireland-itinerary-from-baltimore-5814f8a14e8231bf4d000017
"22 Day Trip to France, Italy, Germany, Spain, Netherlands, United Kingdom from Orlando",22 Days,16,https://www.triphobo.com/tripplans/europe-itinerary-from-orlando-581e899e4e8231c44f000019
Trip to Manchester,9 Days,15,https://www.triphobo.com/tripplans/manchester/itinerary-from-bangalore-566e66038427a5643700012c
"11 Day Trip to London, Manchester, Reykjavik from Kuala Lumpur",11 Days,15,https://www.triphobo.com/tripplans/london-manchester-reykjavik-itinerary-from-kuala-lumpur-5814e3c14e8231cd74000938
"Trip to London, Edinburgh, Glasgow, Manchester, Liverpool, Birmingham",7 Days,15,https://www.triphobo.com/tripplans/united-kingdom-itinerary-from-chennai-5819c1154e82319c4f0001cc
"Trip to London, Manchester",6 Days,14,https://www.triphobo.com/tripplans/london-manchester-itinerary-from-newport-news-5683328e8527a59761000595
"Trip to London, Manchester",8 Days,14,https://www.triphobo.com/tripplans/london-manchester-itinerary-from-new-york-city-56f87b3082fc947b5b00024f
"Trip to Paris, Zurich, Manchester, Lucerne",9 Days,14,https://www.triphobo.com/tripplans/switzerland-france-united-kingdom-itinerary-from-kolkata-576789694e8231e3180016d9
3 Day Trip to Manchester from Orlando,3 Days,14,https://www.triphobo.com/tripplans/manchester/itinerary-from-orlando-578dbcc94e8231b5200003c8
"12 Day Trip to London, Manchester, Liverpool, Plymouth from Hightstown",6 Days,14,https://www.triphobo.com/tripplans/united-kingdom-itinerary-from-hightstown-5790d8764e8231db7d000a4c
3 Day Trip to Manchester,3 Days,14,https://www.triphobo.com/tripplans/manchester/itinerary-from-manchester-57c2abcd4e82310b160001a2
4 Day Trip to Manchester from Pune,4 Days,14,https://www.triphobo.com/tripplans/manchester/itinerary-from-pune-57d665554e8231d60b00054a
"Trip to London, Edinburgh, Manchester, Liverpool, Birmingham",8 Days,14,https://www.triphobo.com/tripplans/united-kingdom-itinerary-from-chennai-581a37604e82319a2e000421
"Trip to Montreal, Los Angeles, New York City, San Francisco, Manchester, Hong Kong",17 Days,13,https://www.triphobo.com/tripplans/asia-north-america-europe-itinerary-from-klia-56f402e06ad56dff660011a5
5 Day Trip to Manchester from Tallinn,5 Days,13,https://www.triphobo.com/tripplans/manchester/itinerary-from-tallinn-57b071954e8231d939000150
5 Day Trip to Manchester from Singapore,5 Days,13,https://www.triphobo.com/tripplans/manchester/itinerary-from-singapore-57c2a7fb4e8231113b0001ba
"11 Day Trip to London, Manchester, Liverpool from Shenzhen",11 Days,13,https://www.triphobo.com/tripplans/london-manchester-liverpool-itinerary-from-shenzhen-5811333b4e8231830e00056e
"9 Day Trip to London, Manchester, Cambridge from Houghton",9 Days,13,https://www.triphobo.com/tripplans/london-manchester-cambridge-itinerary-from-houghton-58168dc14e82312513000514
"Trip to Dublin, Manchester, Belfast, Liverpool, Liscannor",7 Days,12,https://www.triphobo.com/tripplans/ireland-united-kingdom-itinerary-from-avon-565f6c658527a5273500045d
"Trip to Amsterdam, London, Liverpool, Manchester, Paris",5 Days,12,https://www.triphobo.com/tripplans/netherlands-united-kingdom-france-itinerary-56d0207f69d56d8355000248
3 Day Trip to Manchester from Hounslow,2 Days,12,https://www.triphobo.com/tripplans/manchester/itinerary-from-hounslow-57555f364e8231b8380014dc
Manchester Itinerary 3 Days,3 Days,12,https://www.triphobo.com/tripplans/manchester/itinerary-from-manchester-57a63c8a4e8231217200215c
4 Day Trip to Manchester from Noida,4 Days,12,https://www.triphobo.com/tripplans/manchester/itinerary-from-noida-57db77934e8231864400013d
Trip to Blackpool,2 Days,11,https://www.triphobo.com/tripplans/blackpool/itinerary-from-london-569395d28427a5a34d000a4f
Trip to Manchester,2 Days,11,https://www.triphobo.com/tripplans/manchester/itinerary-from-pune-56cefa2a8527a5077300003c
"Trip to Amsterdam, London, Liverpool, Manchester, Paris",5 Days,11,https://www.triphobo.com/tripplans/netherlands-united-kingdom-france-itinerary-56d02c0a82fc94ec5f00027c
"16 Day Trip to London, Manchester from Singapore",16 Days,11,https://www.triphobo.com/tripplans/london-manchester-itinerary-from-singapore-57029aa186d43e9506000291
"7 Day Trip to Leeds, Manchester from Memphis",7 Days,11,https://www.triphobo.com/tripplans/manchester-leeds-itinerary-from-memphis-5717cb124e82311d4c000244
"5 Day Trip to Manchester, Liverpool from Cardiff",5 Days,11,https://www.triphobo.com/tripplans/liverpool-manchester-itinerary-from-cardiff-572f4ba14e8231e473000c24
4 Day Trip to Manchester from Pune,4 Days,11,https://www.triphobo.com/tripplans/manchester/itinerary-from-pune-57c412a54e82319c0d0000a9
"7 Day Trip to London, Manchester from Campbellsville",7 Days,11,https://www.triphobo.com/tripplans/london-manchester-itinerary-from-campbellsville-582cd3f64e82318531000745
"9 Day Trip to London, Manchester from Johannesburg",9 Days,10,https://www.triphobo.com/tripplans/london-manchester-itinerary-from-johannesburg-5702136528e5d09a63000b88
"Trip to London, Manchester, Liverpool",8 Days,10,https://www.triphobo.com/tripplans/liverpool-london-manchester-itinerary-from-mumbai-572e1df04e8231591e0012ca
Trip to Manchester,2 Days,10,https://www.triphobo.com/tripplans/manchester/itinerary-from-delhi-5752d14e8427a5ac790014c2
Manchester Itinerary 3 Days,3 Days,10,https://www.triphobo.com/tripplans/manchester/itinerary-from-manchester-57a63d404e8231170d0007b4
4 Day Trip to Manchester from Pune,4 Days,10,https://www.triphobo.com/tripplans/manchester/itinerary-from-pune-57d911764e8231373d0000d7
"14 Day Trip to London, Manchester, Canterbury from Boulder",14 Days,10,https://www.triphobo.com/tripplans/london-canterbury-manchester-itinerary-from-boulder-58195e724e8231281f0000be
"57 Day Trip to Italy, United Kingdom, Monaco, Qatar from Auckland",57 Days,10,https://www.triphobo.com/tripplans/asia-europe-itinerary-from-auckland-5827fb6c4e8231335a00018d
Trip to Manchester,2 Days,9,https://www.triphobo.com/tripplans/manchester/itinerary-566a0c33a6d46dcb22000149
"11 Day Trip to London, Dublin, Manchester from Mumbai",11 Days,9,https://www.triphobo.com/tripplans/london-dublin-manchester-itinerary-from-mumbai-5719f5924e82318d59000649
"Trip to London, Manchester, Liverpool",4 Days,9,https://www.triphobo.com/tripplans/london-manchester-liverpool-itinerary-57232eb74e8231957b00076d
"6 Day Trip to London, Manchester from Maple Plain",6 Days,9,https://www.triphobo.com/tripplans/london-manchester-itinerary-from-maple-plain-581f88714e82319c1f000762
"Trip to London, Manchester",5 Days,8,https://www.triphobo.com/tripplans/london-manchester-itinerary-from-london-56e16ab483fc9437340003ac
"Trip to London, Manchester",7 Days,8,https://www.triphobo.com/tripplans/london-manchester-itinerary-from-atlanta-56e9c590dd853a2471000231
"11 Day Trip to Edinburgh, Manchester, Bath, Liverpool from Toronto",11 Days,8,https://www.triphobo.com/tripplans/united-kingdom-itinerary-from-toronto-5701b0cf25616e5a770003f1
"7 Day Trip to London, Manchester from Wheat Ridge",7 Days,8,https://www.triphobo.com/tripplans/london-manchester-itinerary-from-wheat-ridge-57114a6c4e8231de230019cf
"16 Day Trip to London, Manchester, Nottingham, Liverpool from Memphis",16 Days,8,https://www.triphobo.com/tripplans/united-kingdom-itinerary-from-memphis-5717cf4d4e82318052000392
3 Day Trip to Manchester from Glasgow,3 Days,8,https://www.triphobo.com/tripplans/manchester/itinerary-from-glasgow-572204d08427a5c819001b6e
"10 Day Trip to London, Edinburgh, Dublin, Manchester from Mumbai",10 Days,8,https://www.triphobo.com/tripplans/united-kingdom-ireland-itinerary-from-mumbai-57319acb4e823114700002a0
"Trip to London, Edinburgh, Manchester",8 Days,8,https://www.triphobo.com/tripplans/london-edinburgh-manchester-itinerary-from-mumbai-5731b5f14e823133700004f7
Trip to Manchester,2 Days,8,https://www.triphobo.com/tripplans/manchester/itinerary-from-delhi-573413214e8231dd530025b6
"10 Day Trip to London, Glasgow, Dublin, Manchester from Rome",10 Days,8,https://www.triphobo.com/tripplans/united-kingdom-ireland-itinerary-from-rome-5741e6034e8231561c000f57
3 Day Trip to Manchester from London,3 Days,8,https://www.triphobo.com/tripplans/manchester/itinerary-from-london-57627f074e82313a0b0002f9
Trip to Manchester,2 Days,7,https://www.triphobo.com/tripplans/manchester/itinerary-570ac9588427a50017000387
"Trip to London, Manchester",4 Days,7,https://www.triphobo.com/tripplans/london-manchester-itinerary-from-chennai-5732d6384e8231635c0006fe
"Trip to London, Manchester",8 Days,6,https://www.triphobo.com/tripplans/london-manchester-itinerary-from-new-york-city-56f9adc88427a54c09000d4e
"11 Day Trip to London, Manchester, Liverpool from Sacramento",11 Days,5,https://www.triphobo.com/tripplans/london-manchester-liverpool-itinerary-from-sacramento-582c84f94e8231f82200075b
Trip to Manchester,10 Days,5,https://www.triphobo.com/tripplans/manchester/itinerary-from-london-5831b3964e8231936600006e
23 Day Trip to United Kingdom from Singapore,23 Days,5,https://www.triphobo.com/tripplans/united-kingdom-itinerary-from-singapore-583405c84e82312c25000063
3 Day Trip to Manchester from Amsterdam,3 Days,4,https://www.triphobo.com/tripplans/manchester/itinerary-from-amsterdam-571a37554e8231df5b0009bf
"6 Day Trip to London, Manchester from Barcelona",6 Days,4,https://www.triphobo.com/tripplans/london-manchester-itinerary-from-barcelona-582a060d4e8231a6170003d9
"15 Day Trip to Paris, London, Manchester, Liverpool from Santiago",15 Days,3,https://www.triphobo.com/tripplans/france-united-kingdom-itinerary-from-santiago-582072b24e82317c2d000015
"16 Day Trip to London, Edinburgh, Manchester, York, Chester, Liverpool from Singapore",16 Days,3,https://www.triphobo.com/tripplans/united-kingdom-itinerary-from-singapore-582c93194e8231214700023b
Trip to Manchester,9 Days,432,https://www.triphobo.com/tripplans/manchester-trip-plan-55f2d4578527a5600500009b
Trip to Manchester,5 Days,405,https://www.triphobo.com/tripplans/manchester-trip-from-newcastle-upon-tyne-55e3f8236446cb3b37000415
Trip to Manchester,8 Days,127,https://www.triphobo.com/tripplans/manchester/itinerary-from-greenville-5681c98485e4825f11000dbc
Trip to Manchester,2 Days,90,https://www.triphobo.com/tripplans/manchester/itinerary-56838bfc85e4820138000aac
Trip to Manchester,2 Days,78,https://www.triphobo.com/tripplans/manchester/itinerary-56cab58368d56db31f000318
Trip to Manchester,2 Days,47,https://www.triphobo.com/tripplans/manchester/itinerary-56719489c0bb3d8f090000a1
"Trip to Nashville, Lynchburg",4 Days,31,https://www.triphobo.com/tripplans/lynchburg-nashville-itinerary-from-charlotte-56f0863069d56db5530001a3
"9 Day Trip to Boston, Manchester, Maine from White Plains",9 Days,25,https://www.triphobo.com/tripplans/boston-maine-manchester-itinerary-from-white-plains-57f560f14e8231e47300028c
"5 Day Trip to Portland, Bangor, Manchester from Boston",5 Days,19,https://www.triphobo.com/tripplans/manchester-portland-bangor-itinerary-from-boston-570ba99b8427a5bf520000db
2 Days Trip to manchester,2 Days,8,https://www.triphobo.com/tripplans/manchester/itinerary-from-manchester-57c2a9ff5fec375d14000acb
4 Days Trip to manchester,4 Days,8,https://www.triphobo.com/tripplans/manchester/itinerary-from-manchester-57c53ae85fec375f14004b15
6 Days Trip to manchester,6 Days,7,https://www.triphobo.com/tripplans/manchester/itinerary-from-manchester-57c4511c5fec376f14003911
1 Day Trip to manchester,1 Day,6,https://www.triphobo.com/tripplans/manchester/itinerary-from-manchester-57c1fe5f5fec373d6a003899
1 Day Trip to manchester,1 Day,5,https://www.triphobo.com/tripplans/manchester/itinerary-from-manchester-57c2aa045fec377414001162
5 Days Trip to manchester,5 Days,4,https://www.triphobo.com/tripplans/manchester/itinerary-from-manchester-57c451225fec372c14003747
4 Days Trip to manchester,4 Days,4,https://www.triphobo.com/tripplans/manchester/itinerary-from-manchester-57c451285fec376c14003202
2 Days Trip to manchester,2 Days,4,https://www.triphobo.com/tripplans/manchester/itinerary-from-manchester-57c451325fec3758140039d1
1 Day Trip to manchester,1 Day,4,https://www.triphobo.com/tripplans/manchester/itinerary-from-manchester-57c451375fec376c1400320b
3 Days Trip to manchester,3 Days,2,https://www.triphobo.com/tripplans/manchester/itinerary-from-manchester-57bff89e5fec377d6b008178
2 Days Trip to manchester,2 Days,2,https://www.triphobo.com/tripplans/manchester/itinerary-from-manchester-57bff8a15fec37db60007713
1 Day Trip to manchester,1 Day,2,https://www.triphobo.com/tripplans/manchester/itinerary-from-manchester-57bff8a55fec37e9580062ea
4 Days Trip to manchester,4 Days,2,https://www.triphobo.com/tripplans/manchester/itinerary-from-manchester-57c412da5fec37741400374f
4 Days Trip to manchester,4 Days,2,https://www.triphobo.com/tripplans/manchester/itinerary-from-manchester-57c4144c5fec373114002ccc
6 Days Trip to manchester,6 Days,2,https://www.triphobo.com/tripplans/manchester/itinerary-from-manchester-57c415425fec37741400377f
1 Day Trip to manchester,1 Day,1,https://www.triphobo.com/tripplans/manchester/itinerary-from-manchester-57c412f15fec373314002f9b
